kms_driven,owner,age,power,brand,actual_price,predicted_price
12185.0,1,7.0,150.0,6.0,35000.0,36665.0
46000.0,1,12.0,100.0,6.0,20000.0,18043.0
23000.0,1,5.0,220.0,7.0,65000.0,67626.0
19249.0,1,2.0,350.0,2.0,130000.0,148731.0
15000.0,1,6.0,180.0,7.0,40000.0,57386.62
8000.0,1,2.0,125.0,10.0,111300.0,131543.0
29000.0,1,5.0,500.0,2.0,132100.0,129637.0
8000.0,2,14.0,600.0,5.0,500000.0,379915.46
31000.0,1,7.0,350.0,2.0,85000.0,85224.60366666668
21000.0,1,14.0,125.0,7.0,20000.0,17048.02
36000.0,1,6.0,125.0,5.0,34400.0,32918.0
56113.0,1,11.0,150.0,4.0,16500.0,27315.0
16150.0,2,8.0,650.0,14.0,230000.0,258591.17
25000.0,1,4.0,400.0,7.0,100000.0,110670.0
22398.0,1,5.0,100.0,7.0,21500.0,25917.0
35000.0,2,5.0,150.0,7.0,35000.0,37826.0
40500.0,1,8.0,500.0,2.0,95000.0,104975.21
14354.0,1,3.0,350.0,2.0,120000.0,104020.0
14403.0,1,5.0,390.0,10.0,106000.0,127941.0
34721.0,1,9.0,150.0,4.0,56000.0,27422.0
10000.0,1,3.0,350.0,2.0,115000.0,98620.0
750.0,1,4.0,350.0,2.0,146300.0,129863.0
7000.0,1,5.0,500.0,2.0,175000.0,153654.93
46007.0,1,13.0,223.0,6.0,20000.0,31791.49
5500.0,1,3.0,100.0,6.0,50000.0,41440.0
47293.0,1,5.0,125.0,5.0,30000.0,36061.0
27044.0,1,6.0,500.0,2.0,130000.0,114190.0
7578.0,1,9.0,160.0,1.0,35000.0,36384.0
20000.0,1,7.0,220.0,7.0,58000.0,58812.0
60000.0,1,9.0,150.0,6.0,25000.0,27654.0
23500.0,1,7.0,220.0,7.0,51100.0,44591.0
34304.0,1,11.0,220.0,7.0,20000.0,30692.0
2400.0,1,4.0,150.0,7.0,80000.0,60363.33333333333
35720.0,1,9.0,125.0,7.0,24000.0,20719.98
37066.0,2,16.0,100.0,7.0,10000.0,15264.54
1608.0,1,2.0,350.0,2.0,133500.0,157356.0
21493.0,1,16.0,125.0,7.0,8000.0,16734.55
22397.0,1,5.0,100.0,7.0,23000.0,25917.0
9700.0,1,4.0,250.0,4.0,108000.0,96802.16
20440.0,1,11.0,220.0,7.0,29000.0,24884.0
19000.0,1,6.0,223.0,6.0,65000.0,58410.0
39500.0,1,8.0,220.0,7.0,44600.0,48442.59416666667
27116.0,1,11.0,100.0,6.0,25000.0,19003.166666666664
22000.0,1,3.0,400.0,7.0,140000.0,141340.0
55000.0,2,11.0,150.0,7.0,16400.0,25304.99
3607.0,1,4.0,125.0,6.0,55000.0,54142.94
18000.0,1,5.0,100.0,6.0,33000.0,30050.0
43000.0,1,9.0,125.0,5.0,21000.0,22065.7
14000.0,1,8.0,220.0,7.0,35000.0,51459.0
17299.0,1,12.0,223.0,6.0,16979.0,25611.26
38561.0,1,5.0,220.0,7.0,47000.0,49325.0
24669.0,2,10.0,150.0,7.0,33000.0,22475.916666666664
10741.0,1,4.0,160.0,5.0,70000.0,63488.857142857145
5469.0,1,3.0,100.0,6.0,49000.0,41510.0
40000.0,1,9.0,100.0,6.0,34000.0,23476.28
25000.0,1,5.0,125.0,5.0,53000.0,34440.0
3198.0,1,5.0,500.0,2.0,102850.0,157311.93
7582.0,1,4.0,535.0,2.0,135000.0,143953.14
39000.0,1,9.0,150.0,5.0,55400.0,44234.66666666667
64000.0,1,7.0,220.0,7.0,40000.0,40210.88
10887.0,1,7.0,125.0,7.0,19000.0,24550.0
42000.0,1,7.0,150.0,4.0,50000.0,66340.0
26403.0,1,7.0,110.0,6.0,30856.0,28896.36
7000.0,1,4.0,125.0,4.0,47000.0,55142.0
12398.0,1,3.0,250.0,4.0,84000.0,92550.0
18227.0,1,6.0,150.0,4.0,47000.0,53620.0
7788.0,1,3.0,100.0,6.0,40000.0,46620.0
8000.0,1,4.0,200.0,1.0,65000.0,78399.0
12739.0,1,3.0,350.0,2.0,140000.0,121290.0
36000.0,1,9.0,350.0,2.0,78000.0,79198.88
59000.0,1,7.0,350.0,2.0,100000.0,93871.0
7902.0,1,2.0,200.0,10.0,190000.0,170033.0
54889.0,1,12.0,135.0,7.0,17500.0,15460.0
23000.0,1,5.0,150.0,4.0,65000.0,69463.66666666667
22788.0,1,8.0,100.0,6.0,22000.0,22685.0
20245.0,2,11.0,220.0,7.0,41000.0,24500.05
13000.0,1,8.0,883.0,15.0,378000.0,494957.0
61889.0,1,7.0,100.0,6.0,23000.0,28315.999999999996
10455.0,1,5.0,150.0,7.0,44000.0,55133.2
25560.0,1,12.0,180.0,1.0,22000.0,23420.33333333333
15000.0,1,5.0,100.0,7.0,33000.0,32160.0
6957.0,1,13.0,100.0,6.0,23000.0,19041.0
30578.0,1,6.0,150.0,4.0,55000.0,53784.66666666667
52000.0,1,15.0,180.0,7.0,15000.0,16907.14
15600.0,1,5.0,150.0,8.0,50000.0,60720.52
56000.0,1,5.0,220.0,7.0,56000.0,45810.0
14249.0,1,6.0,125.0,6.0,32000.0,34876.52
2126.0,1,3.0,250.0,4.0,115800.0,125469.0
15880.0,3,5.0,160.0,1.0,41000.0,53560.0
5156.0,1,2.0,150.0,8.0,92000.0,92862.97
69000.0,1,8.0,125.0,5.0,21500.0,19500.78
84625.0,1,8.0,500.0,2.0,150000.0,109492.01
3840.0,1,3.0,125.0,5.0,52000.0,57716.66666666666
22000.0,1,7.0,300.0,12.0,186000.0,140399.66666666666
1700.0,1,3.0,200.0,7.0,98000.0,124382.0
18000.0,1,4.0,150.0,8.0,63700.0,70992.0
11689.0,1,3.0,350.0,2.0,160000.0,140740.6666666667
6500.0,2,7.0,125.0,7.0,25000.0,31318.0
46000.0,1,11.0,125.0,5.0,35000.0,22785.2
18000.0,1,3.0,350.0,2.0,160000.0,145914.24
22115.0,1,3.0,100.0,7.0,27000.0,29520.0
26000.0,2,5.0,250.0,9.0,120000.0,157695.0
17000.0,1,5.0,500.0,2.0,122400.0,119523.0
39000.0,1,13.0,150.0,7.0,18000.0,19831.5
10000.0,1,4.0,200.0,1.0,92300.0,69233.5
27000.0,1,5.0,350.0,2.0,107000.0,104667.5
3443.0,1,6.0,220.0,7.0,40000.0,61102.0
7400.0,1,4.0,350.0,2.0,141900.0,127290.0
20000.0,1,11.0,125.0,6.0,25000.0,23313.2
52904.0,1,14.0,350.0,2.0,48000.0,63167.78
33500.0,2,7.0,223.0,6.0,34154.0,46279.165
10800.0,1,6.0,390.0,10.0,140000.0,142766.0
32000.0,1,7.0,220.0,7.0,54000.0,40563.4845
6041.0,1,4.0,200.0,7.0,73000.0,97888.0
54246.0,2,11.0,125.0,5.0,15000.0,20820.0
9999.0,1,3.0,160.0,1.0,63000.0,67158.37
11466.0,1,4.0,200.0,10.0,180900.0,154365.0
65000.0,1,7.0,180.0,7.0,25000.0,42455.57
20000.0,1,6.0,160.0,1.0,55000.0,43099.99
31000.0,1,5.0,150.0,8.0,78000.0,51447.33333333334
10779.0,1,2.0,350.0,2.0,135000.0,156609.0
40429.0,1,10.0,125.0,5.0,18000.0,24770.6
4000.0,1,4.0,200.0,1.0,92000.0,90870.2
190.0,1,2.0,400.0,12.0,300000.0,199439.0
21500.0,1,5.0,110.0,5.0,34600.0,29369.0
36000.0,1,8.0,250.0,5.0,100000.0,87102.0
36301.0,1,13.0,135.0,7.0,23000.0,18897.0
29825.0,2,11.0,150.0,5.0,10000.0,36944.5
13000.0,1,4.0,250.0,4.0,80000.0,97276.04
14391.0,2,4.0,150.0,4.0,65000.0,73100.0
3174.0,1,6.0,899.0,9.0,569400.0,610418.0
4455.0,1,4.0,200.0,1.0,64000.0,92167.2
65000.0,1,10.0,500.0,2.0,70000.0,91530.5
8150.0,1,5.0,150.0,7.0,52999.0,56141.33333333334
30000.0,1,5.0,150.0,7.0,33000.0,50356.211904761905
26000.0,1,6.0,200.0,7.0,83000.0,88397.0
4400.0,2,5.0,1200.0,13.0,1000000.0,1279041.75
3325.0,2,5.0,150.0,7.0,42200.0,62413.0
9500.0,1,5.0,110.0,6.0,36000.0,43996.19
59217.0,1,5.0,150.0,7.0,30000.0,45812.05
23444.0,1,4.0,500.0,2.0,140000.0,130020.0
10000.0,1,4.0,150.0,7.0,70000.0,52202.95666666667
13110.0,2,5.0,500.0,2.0,109000.0,119471.78333333334
20373.0,1,6.0,220.0,7.0,60000.0,65789.0
12000.0,1,6.0,100.0,6.0,32000.0,30285.0
6000.0,1,3.0,200.0,1.0,110000.0,85552.0
19000.0,1,7.0,150.0,7.0,30000.0,39788.47
24000.0,2,4.0,180.0,1.0,47000.0,56356.8
28000.0,1,7.0,110.0,5.0,25000.0,28330.68
30032.0,1,8.0,125.0,7.0,26675.0,22517.0
4750.0,1,9.0,150.0,6.0,35000.0,35100.0
29000.0,1,5.0,350.0,2.0,102500.0,108339.80000000002
13000.0,1,5.0,150.0,7.0,48000.0,50220.0
18465.0,1,12.0,150.0,4.0,18000.0,26509.89
20431.0,1,7.0,160.0,1.0,45000.0,48430.66666666667
87056.0,1,8.0,125.0,5.0,22000.0,22033.38
6900.0,1,5.0,390.0,10.0,180000.0,168140.0
7000.0,1,5.0,150.0,4.0,103000.0,81058.8
4411.0,1,2.0,350.0,2.0,169000.0,147631.5476190476
25049.0,1,8.0,110.0,6.0,40000.0,26690.0
32521.0,1,13.0,125.0,4.0,10005.0,18671.0
32116.0,1,8.0,150.0,7.0,32400.0,28305.0
9392.0,4,6.0,350.0,2.0,95000.0,112248.85333333332
3650.0,1,5.0,220.0,7.0,75000.0,60061.74999999999
11898.0,1,5.0,135.0,7.0,42000.0,41144.5
50444.0,1,10.0,150.0,6.0,20500.0,24392.0
50000.0,1,9.0,125.0,7.0,33000.0,26152.0
31500.0,3,14.0,200.0,7.0,33000.0,21841.93
1650.0,1,2.0,350.0,2.0,155000.0,157457.0
10721.0,1,6.0,100.0,6.0,25000.0,35990.0
28000.0,1,9.0,350.0,2.0,60000.0,88936.0
20000.0,1,5.0,100.0,6.0,40000.0,28813.3
25000.0,1,7.0,350.0,2.0,70000.0,96809.5
7421.0,1,3.0,160.0,1.0,65000.0,70580.0
16017.0,1,5.0,160.0,5.0,45000.0,58829.0
9282.0,1,7.0,500.0,2.0,114000.0,105024.58
23799.0,1,15.0,350.0,2.0,75000.0,78250.0
18168.0,1,7.0,100.0,6.0,30000.0,27105.0
48568.0,2,10.0,223.0,6.0,31500.0,29741.0
9463.0,1,4.0,250.0,4.0,110000.0,92106.32
30000.0,1,10.0,100.0,6.0,18000.0,23351.1
15001.0,1,8.0,100.0,7.0,19000.0,23231.99
25362.0,2,6.0,500.0,2.0,116900.0,135015.0
15500.0,1,5.0,150.0,8.0,70000.0,61069.52
50000.0,1,8.0,150.0,6.0,35000.0,26105.31
35408.0,2,14.0,160.0,1.0,18000.0,19811.93666666667
3450.0,1,4.0,220.0,7.0,76000.0,68580.0
32458.0,1,11.0,150.0,7.0,17000.0,21597.0
18000.0,1,4.0,100.0,6.0,55000.0,36540.0
60500.0,1,11.0,150.0,6.0,20000.0,18312.0
30000.0,1,11.0,220.0,7.0,35000.0,33751.99
33962.0,1,10.0,350.0,2.0,66778.0,69412.88
6500.0,1,2.0,650.0,2.0,270000.0,279500.0
4000.0,1,4.0,125.0,5.0,55800.0,55574.99
13333.0,1,3.0,350.0,2.0,136000.0,134282.0
14432.0,1,4.0,160.0,5.0,53000.0,63939.66
2600.0,1,4.0,150.0,7.0,66400.0,52543.33333333333
17000.0,1,7.0,150.0,5.0,50000.0,57260.0
22113.0,1,18.0,100.0,6.0,25000.0,17259.0
16229.0,1,4.0,150.0,4.0,52000.0,74346.0
32000.0,1,5.0,150.0,7.0,43000.0,42876.75
1850.0,1,2.0,110.0,7.0,48000.0,50210.72
3635.0,1,4.0,390.0,10.0,199000.0,172686.0
23000.0,1,5.0,200.0,7.0,70000.0,84987.4
16207.0,1,8.0,100.0,6.0,22000.0,23050.0
25000.0,1,7.0,100.0,7.0,24000.0,25840.0
5400.0,1,3.0,125.0,5.0,48000.0,57290.0
28000.0,1,12.0,180.0,7.0,25000.0,20399.0
16000.0,1,3.0,390.0,10.0,243100.0,198687.0
44000.0,1,6.0,220.0,7.0,46200.0,53870.0
19800.0,1,5.0,220.0,7.0,60000.0,63870.0
13797.0,1,4.0,400.0,7.0,115000.0,119359.16666666669
11500.0,1,4.0,200.0,7.0,125000.0,77226.88
17203.0,1,6.0,110.0,7.0,30000.0,27274.98
17500.0,3,6.0,800.0,12.0,615000.0,574900.0
24000.0,1,9.0,150.0,6.0,41000.0,31887.61904761905
46000.0,2,11.0,350.0,2.0,70000.0,67188.36
18000.0,1,8.0,100.0,6.0,30900.0,24545.0
17644.0,1,8.0,125.0,5.0,22500.0,29580.0
24000.0,1,7.0,390.0,10.0,120000.0,113379.33333333331
42000.0,1,10.0,135.0,7.0,18000.0,25497.49
11309.0,1,2.0,100.0,6.0,46000.0,48356.14
12500.0,1,6.0,150.0,4.0,37000.0,68598.0
20000.0,1,7.0,100.0,1.0,31000.0,23782.4
24000.0,1,5.0,220.0,7.0,58000.0,69428.0
18110.0,1,6.0,125.0,5.0,37000.0,33061.12
18000.0,1,9.0,100.0,7.0,23000.0,26835.0
15428.0,1,6.0,350.0,2.0,100000.0,120333.83333333331
12447.0,1,6.0,350.0,2.0,92000.0,118238.33333333334
3700.0,1,2.0,110.0,5.0,54000.0,50972.33333333333
10195.0,1,5.0,350.0,2.0,90000.0,130794.91666666669
8000.0,1,7.0,150.0,4.0,38000.0,66560.73
16317.0,2,5.0,350.0,2.0,96000.0,112203.33333333331
24000.0,2,6.0,390.0,10.0,145000.0,139749.0
23000.0,1,9.0,150.0,7.0,38000.0,30526.0
15000.0,1,4.0,110.0,6.0,40000.0,38630.0
4727.0,1,3.0,160.0,7.0,72300.0,75798.74
30000.0,1,9.0,100.0,6.0,24500.0,19817.55
20509.0,1,12.0,125.0,5.0,24000.0,19385.0
2963.0,1,3.0,200.0,10.0,143000.0,159184.0
9500.0,1,7.0,220.0,7.0,50000.0,63630.0
17600.0,1,7.0,500.0,2.0,135000.0,110375.0
26359.0,1,4.0,220.0,7.0,60000.0,66230.83333333333
74000.0,1,9.0,100.0,7.0,20400.0,20685.0
22295.0,1,8.0,220.0,7.0,40000.0,37844.0
17300.0,1,3.0,100.0,6.0,45000.0,40055.98
37000.0,1,8.0,150.0,5.0,45600.0,40788.583333333336
19500.0,1,5.0,180.0,1.0,70000.0,44450.0
14640.0,1,5.0,350.0,2.0,117000.0,93225.0
31100.0,1,15.0,100.0,6.0,17500.0,17554.19
10500.0,1,5.0,150.0,4.0,100000.0,70142.0
5080.0,1,4.0,110.0,5.0,40000.0,44757.0
4300.0,1,3.0,390.0,10.0,250430.0,223793.57142857145
30965.0,1,11.0,150.0,7.0,17000.0,18426.0
383.0,1,3.0,650.0,12.0,300000.0,544700.0
2791.0,1,2.0,350.0,2.0,165000.0,157990.0
7285.0,1,3.0,110.0,7.0,35000.0,39514.0
33000.0,1,7.0,135.0,7.0,45000.0,26562.0
2982.0,1,3.0,150.0,4.0,108000.0,127912.0
39211.0,1,16.0,125.0,7.0,14000.0,13894.1
27000.0,1,6.0,110.0,1.0,30000.0,27319.6
19600.0,2,5.0,410.0,2.0,150000.0,108748.75083333332
600.0,1,3.0,200.0,7.0,89000.0,120391.0
65000.0,1,17.0,350.0,2.0,50000.0,68492.0
27192.0,1,5.0,150.0,7.0,48000.0,47283.11
15000.0,1,5.0,160.0,1.0,42000.0,58736.33333333334
16016.0,1,6.0,150.0,7.0,52000.0,52617.0
1276.0,1,9.0,200.0,7.0,67500.0,55142.06
31969.0,1,4.0,100.0,7.0,27000.0,27848.5
17965.0,1,9.0,350.0,2.0,63326.0,77887.31
33632.0,1,7.0,125.0,6.0,28000.0,31435.0
30000.0,1,11.0,150.0,5.0,25000.0,39544.5
350.0,1,4.0,200.0,7.0,145000.0,129030.0
62517.0,1,13.0,100.0,6.0,13000.0,18437.99
12315.0,1,5.0,150.0,7.0,31000.0,40846.0
35000.0,1,7.0,200.0,10.0,75000.0,91669.0
27000.0,1,9.0,220.0,7.0,45000.0,43817.0
770.0,1,2.0,350.0,2.0,144700.0,161470.0
62433.0,2,7.0,100.0,6.0,23000.0,25774.0
20058.0,1,4.0,150.0,7.0,51000.0,40841.706666666665
2564.0,1,2.0,100.0,7.0,39000.0,44557.33333333334
19334.0,1,4.0,150.0,8.0,54000.0,58470.68
25036.0,1,6.0,125.0,5.0,26500.0,34847.0
24780.0,1,14.0,150.0,7.0,13000.0,18630.4
57000.0,1,16.0,223.0,6.0,18000.0,20054.0
17100.0,2,8.0,100.0,7.0,25000.0,21948.92
23060.0,1,4.0,110.0,5.0,32000.0,38501.0
30040.0,1,4.0,150.0,8.0,65000.0,55943.33333333333
31769.0,1,5.0,150.0,7.0,60000.0,41616.75
22000.0,1,6.0,160.0,5.0,51000.0,51239.0
19829.0,1,4.0,410.0,2.0,105000.0,126213.41666666666
48000.0,1,7.0,220.0,7.0,39000.0,46699.66666666666
14878.0,1,3.0,350.0,2.0,135000.0,116980.0
6600.0,1,18.0,350.0,2.0,130000.0,77949.26
20863.0,1,10.0,100.0,6.0,20000.0,24420.0
46589.0,1,11.0,135.0,7.0,16000.0,19373.65
13000.0,2,5.0,300.0,9.0,220000.0,195904.85
5233.0,1,5.0,150.0,7.0,48000.0,45178.33333333333
3000.0,1,2.0,200.0,6.0,76000.0,96432.0
58000.0,1,8.0,150.0,5.0,39700.0,41242.79
15264.0,1,4.0,220.0,7.0,61500.0,73961.0
14000.0,1,5.0,410.0,2.0,146000.0,113915.0
28673.0,1,4.0,110.0,1.0,40000.0,34748.0
34716.0,1,7.0,125.0,7.0,24000.0,27083.85714285714
2164.0,1,4.0,220.0,7.0,65000.0,83931.0
7000.0,1,2.0,200.0,10.0,152200.0,177970.0
8800.0,3,4.0,200.0,1.0,65000.0,80450.0
12000.0,1,5.0,220.0,7.0,55000.0,68003.47238095239
25000.0,1,12.0,125.0,6.0,18000.0,19210.183333333334
28366.0,1,5.0,150.0,5.0,75000.0,80030.84666666666
12015.0,1,7.0,100.0,6.0,24000.0,29738.666666666664
30124.0,1,11.0,125.0,5.0,17000.0,21044.5
11217.0,1,9.0,150.0,4.0,60000.0,25796.0
24065.0,1,6.0,150.0,6.0,51100.0,38982.5
34500.0,1,8.0,100.0,7.0,25000.0,25661.33
25000.0,1,3.0,400.0,7.0,130000.0,131550.0
55686.0,2,9.0,220.0,7.0,26000.0,35081.92
20094.0,1,6.0,220.0,7.0,64000.0,67769.0
21651.0,1,9.0,500.0,2.0,115000.0,102540.8
35000.0,1,9.0,200.0,7.0,38000.0,39473.0
77600.0,1,9.0,200.0,7.0,35000.0,37551.0
40000.0,1,9.0,350.0,2.0,89600.0,74148.73
8000.0,1,5.0,110.0,6.0,40000.0,44123.97
9700.0,1,7.0,150.0,5.0,78000.0,49545.0
10000.0,1,3.0,100.0,6.0,48800.0,44600.96666666666
7390.0,1,6.0,250.0,14.0,192000.0,191430.0
6240.0,1,5.0,200.0,10.0,130000.0,99791.0
15000.0,1,5.0,100.0,6.0,25000.0,35962.357142857145
24000.0,1,4.0,150.0,4.0,51000.0,59441.58333333333
52904.0,2,14.0,350.0,2.0,48000.0,65262.3
9772.0,1,3.0,200.0,1.0,93000.0,71879.43
37000.0,1,13.0,100.0,6.0,14200.0,16365.633333333335
6900.0,1,3.0,150.0,4.0,115000.0,82921.83333333334
21000.0,1,7.0,110.0,5.0,30000.0,27530.5
55000.0,1,13.0,100.0,7.0,16000.0,16020.0
15099.0,1,9.0,100.0,6.0,26000.0,22358.0
3762.0,1,10.0,100.0,6.0,25000.0,20675.0
7000.0,1,10.0,110.0,1.0,29000.0,15410.0
285.0,1,5.0,600.0,4.0,500000.0,629685.7
21249.0,1,3.0,110.0,1.0,38000.0,35401.0
26500.0,1,9.0,250.0,5.0,68100.0,74649.0
19000.0,1,8.0,100.0,6.0,29500.0,26463.98
500.0,1,39.0,350.0,2.0,115000.0,117641.79
15000.0,1,7.0,250.0,5.0,85000.0,98499.45238095238
22000.0,1,7.0,150.0,5.0,38000.0,58371.0
10000.0,1,3.0,100.0,6.0,46000.0,44600.96666666666
3900.0,1,2.0,250.0,4.0,146000.0,144185.50000000003
25385.0,1,7.0,150.0,5.0,59000.0,48528.0
26125.0,1,6.0,350.0,2.0,103700.0,101478.75714285712
50000.0,1,6.0,150.0,4.0,30000.0,54404.14666666667
12800.0,1,8.0,500.0,2.0,101000.0,108847.3
11500.0,1,4.0,500.0,2.0,165000.0,147508.93333333335
25878.0,1,7.0,110.0,5.0,19000.0,29228.67
60000.0,4,18.0,350.0,2.0,35000.0,61981.36
26000.0,1,7.0,150.0,7.0,31500.0,51833.0
10000.0,1,4.0,300.0,9.0,220500.0,240610.9166666667
27411.0,1,12.0,150.0,4.0,30000.0,27688.0
27000.0,1,8.0,200.0,7.0,55000.0,48982.62
13400.0,1,6.0,200.0,7.0,108000.0,83882.63333333333
14500.0,1,4.0,390.0,10.0,170000.0,168412.47
25000.0,1,6.0,350.0,2.0,112000.0,92038.39826839825
43399.0,2,6.0,150.0,8.0,35000.0,44976.0
34000.0,1,9.0,350.0,2.0,85000.0,75860.92
9000.0,1,7.0,500.0,2.0,110000.0,104489.5
19774.0,1,9.0,100.0,6.0,21000.0,25869.666666666664
29956.0,1,7.0,125.0,5.0,25000.0,29351.0
32000.0,1,8.0,350.0,2.0,90000.0,89540.14871428572
11921.0,1,3.0,150.0,6.0,75000.0,63107.0
13000.0,1,3.0,220.0,7.0,67474.0,74703.0
41736.0,1,7.0,220.0,7.0,38000.0,53489.59
101250.0,3,14.0,223.0,6.0,27000.0,17852.0
16000.0,1,6.0,150.0,8.0,39100.0,43708.52
12000.0,1,5.0,150.0,4.0,60000.0,70452.0
8400.0,1,2.0,350.0,2.0,137000.0,152132.0
15256.0,1,3.0,350.0,2.0,118000.0,120485.24
41915.0,1,12.0,150.0,7.0,25000.0,22205.82
26100.0,1,7.0,500.0,2.0,90950.0,117080.0
28112.0,1,4.0,150.0,8.0,70000.0,53070.0
38040.0,1,7.0,150.0,4.0,45000.0,57936.66666666666
19869.0,1,5.0,350.0,2.0,94000.0,109283.2
5000.0,1,6.0,650.0,12.0,420000.0,372764.05
250.0,1,2.0,410.0,2.0,166000.0,186000.0
30544.0,1,11.0,125.0,5.0,30000.0,21304.5
44000.0,1,5.0,250.0,5.0,120000.0,141432.0
30000.0,1,7.0,200.0,7.0,53100.0,49821.44
15112.0,1,5.0,220.0,7.0,65000.0,71109.14285714284
26081.0,1,7.0,350.0,2.0,74500.0,98788.0
85000.0,1,43.0,350.0,2.0,135000.0,109627.96
14740.0,1,4.0,150.0,7.0,43000.0,59429.66666666667
3100.0,1,4.0,350.0,2.0,170000.0,140878.0
15080.0,1,5.0,350.0,2.0,95000.0,118485.0
15833.0,1,3.0,110.0,5.0,42000.0,44571.14
500.0,1,3.0,150.0,8.0,83000.0,84650.0
36000.0,1,6.0,180.0,1.0,44000.0,47417.0
23367.0,1,15.0,350.0,2.0,62000.0,78460.0
51000.0,1,15.0,100.0,6.0,15500.0,12822.65
38000.0,1,15.0,223.0,6.0,15000.0,19771.86333333333
48824.0,1,12.0,125.0,5.0,22000.0,18504.0
10000.0,1,3.0,500.0,2.0,140000.0,159730.0
20917.0,1,9.0,100.0,6.0,30000.0,30140.0
2200.0,1,4.0,350.0,2.0,135000.0,109605.0
10000.0,1,5.0,180.0,1.0,68000.0,56321.99
5000.0,2,4.0,200.0,7.0,95000.0,98433.55
24869.0,1,5.0,150.0,7.0,31000.0,46368.03333333334
12888.0,1,4.0,200.0,10.0,127600.0,156415.0
27000.0,1,6.0,350.0,2.0,108000.0,110790.0
22000.0,1,11.0,100.0,7.0,19000.0,17956.0
18742.0,1,6.0,150.0,4.0,45000.0,53545.0
6240.0,1,5.0,135.0,7.0,36000.0,42953.0
24530.0,1,9.0,125.0,7.0,20000.0,20117.0
12859.0,1,6.0,150.0,7.0,50000.0,58136.62
6500.0,1,3.0,250.0,5.0,180000.0,168988.99
29000.0,1,8.0,200.0,10.0,75000.0,91875.75
15671.0,1,5.0,150.0,5.0,70000.0,78363.3880952381
5000.0,1,4.0,350.0,2.0,160000.0,135076.86666666667
10000.0,1,3.0,150.0,4.0,122500.0,86258.15357142859
7500.0,2,4.0,900.0,3.0,640000.0,996190.0
36083.0,1,7.0,390.0,10.0,83000.0,126712.98333333332
11600.0,1,7.0,350.0,2.0,105000.0,86596.16666666669
20375.0,1,6.0,100.0,6.0,24000.0,33540.0
73031.0,1,11.0,100.0,6.0,18000.0,18681.0
14000.0,1,5.0,200.0,10.0,118000.0,129969.52666666667
15711.0,1,8.0,100.0,6.0,23000.0,25090.0
13193.0,1,5.0,390.0,10.0,110147.0,134385.0
900.0,1,2.0,180.0,1.0,88000.0,89445.0
190.0,1,1.0,1100.0,13.0,1350000.0,731147.8333333333
300000.0,2,19.0,150.0,6.0,15000.0,16142.9
18934.0,1,6.0,160.0,1.0,55000.0,47690.0
2017.0,1,4.0,100.0,6.0,45000.0,48961.89
26000.0,1,6.0,100.0,6.0,38000.0,28263.14
19000.0,1,6.0,350.0,2.0,99000.0,103190.0
18000.0,1,5.0,150.0,7.0,35000.0,44892.0
14830.0,1,4.0,150.0,8.0,60000.0,64680.00000000001
22500.0,1,5.0,150.0,5.0,75000.0,76808.0
22687.0,2,8.0,350.0,2.0,72000.0,83420.0
2845.0,1,3.0,310.0,1.0,185000.0,194767.0
7247.0,2,6.0,535.0,2.0,115000.0,133817.52
31275.0,1,12.0,135.0,7.0,11000.0,19024.0
31600.0,1,6.0,350.0,2.0,90000.0,89268.82142857142
83000.0,1,6.0,150.0,5.0,47000.0,40344.5
41292.0,1,6.0,200.0,7.0,82000.0,82813.2
10136.0,1,6.0,350.0,2.0,100000.0,97555.0
2350.0,1,2.0,300.0,11.0,118000.0,178800.0
37415.0,1,5.0,200.0,7.0,70500.0,69194.97
8000.0,1,3.0,300.0,11.0,175000.0,146746.0
21000.0,1,15.0,100.0,6.0,15000.0,19625.0
35244.0,3,9.0,150.0,6.0,25000.0,28745.56
15618.0,1,5.0,150.0,5.0,100000.0,78243.3880952381
20765.0,1,9.0,200.0,7.0,38000.0,46544.0
15228.0,1,2.0,160.0,1.0,86000.0,85134.0
28164.0,1,10.0,125.0,5.0,18787.0,24378.0
12431.0,1,5.0,150.0,7.0,53000.0,49546.0
21853.0,1,7.0,150.0,4.0,58000.0,66860.0
16445.0,1,3.0,125.0,6.0,45000.0,48830.0
44000.0,1,6.0,160.0,1.0,45000.0,46224.56
30000.0,1,9.0,500.0,2.0,110000.0,85073.0
4500.0,1,2.0,200.0,1.0,92000.0,109205.0
11277.0,1,3.0,500.0,2.0,175000.0,146320.0
12000.0,1,12.0,350.0,2.0,130000.0,71557.03
17989.0,1,11.0,100.0,6.0,18000.0,22303.0
3500.0,2,4.0,650.0,12.0,550000.0,450496.0
25400.0,1,5.0,150.0,7.0,46000.0,45548.03333333334
86000.0,1,7.0,125.0,6.0,25000.0,27408.3
19000.0,1,6.0,350.0,2.0,115000.0,103190.0
12118.0,1,4.0,650.0,12.0,459877.0,484296.33
7200.0,1,6.0,220.0,7.0,60600.0,55670.16666666666
16000.0,1,5.0,350.0,2.0,110000.0,113839.33333333334
15500.0,1,8.0,350.0,2.0,63000.0,93305.0
27000.0,1,5.0,350.0,2.0,110000.0,104667.5
14311.0,1,5.0,150.0,7.0,42000.0,49088.0
7380.0,1,5.0,220.0,7.0,84000.0,75189.88095238096
3700.0,1,6.0,500.0,2.0,130000.0,113965.0
27000.0,1,6.0,160.0,5.0,45000.0,46135.75
25108.0,1,11.0,150.0,4.0,35000.0,22291.307142857146
46700.0,1,10.0,150.0,6.0,30000.0,29811.0
28750.0,1,4.0,125.0,7.0,45000.0,35242.3
45217.0,2,7.0,220.0,7.0,35590.0,45832.0
55141.0,1,10.0,223.0,6.0,28000.0,33739.3
67569.0,1,13.0,100.0,6.0,12000.0,18981.0
32000.0,1,5.0,500.0,2.0,127000.0,108820.0
20000.0,2,4.0,150.0,4.0,80000.0,56718.99
43333.0,1,10.0,150.0,5.0,30000.0,27952.0
26146.0,1,10.0,100.0,6.0,19500.0,24921.0
39865.0,1,6.0,350.0,2.0,81000.0,93149.99380952382
46527.0,1,8.0,220.0,7.0,50000.0,42435.0
8740.0,1,6.0,150.0,5.0,90000.0,83525.91666666666
6539.0,1,3.0,160.0,1.0,56000.0,75533.0
53000.0,1,10.0,100.0,6.0,30000.0,20831.146666666664
8000.0,1,6.0,390.0,10.0,162000.0,154440.0
3983.0,1,3.0,150.0,7.0,57000.0,66920.9
6500.0,1,3.0,150.0,4.0,82800.0,76369.83333333333
28642.0,1,9.0,100.0,6.0,24000.0,23156.0
7456.0,1,3.0,180.0,7.0,80000.0,66342.43333333333
23522.0,1,5.0,100.0,1.0,24000.0,24221.666666666664
21057.0,2,5.0,500.0,2.0,125000.0,103692.0
7000.0,1,2.0,160.0,1.0,87000.0,84310.0
7200.0,1,7.0,1000.0,8.0,699000.0,1043819.99
1487.0,1,6.0,650.0,14.0,307194.0,364034.0
32702.0,1,9.0,150.0,4.0,42000.0,50361.33333333333
23705.0,1,4.0,350.0,2.0,103000.0,116647.5
15000.0,1,5.0,180.0,1.0,65000.0,58832.33333333334
8600.0,1,4.0,150.0,7.0,47000.0,48894.5
30000.0,1,11.0,110.0,7.0,20000.0,17914.0
22000.0,1,6.0,150.0,7.0,45000.0,40299.29761904762
77000.0,2,7.0,220.0,7.0,38000.0,48613.12
100000.0,1,18.0,150.0,7.0,6400.0,14520.0
2100.0,1,3.0,180.0,1.0,73000.0,70723.0
35000.0,1,6.0,100.0,6.0,38000.0,27260.0
8759.0,1,3.0,200.0,7.0,81000.0,106395.0
37000.0,1,6.0,110.0,6.0,35000.0,34739.0
33000.0,1,8.0,200.0,10.0,78000.0,91969.79
20000.0,1,9.0,350.0,2.0,75000.0,67136.26
31336.0,1,9.0,150.0,8.0,27000.0,23695.0
81000.0,1,17.0,150.0,7.0,6700.0,12247.0
27836.0,1,4.0,150.0,7.0,33000.0,49793.75
33505.0,1,3.0,100.0,7.0,35000.0,29768.5
19380.0,1,5.0,220.0,7.0,62000.0,61320.0
22000.0,2,12.0,150.0,7.0,18000.0,19264.78
27000.0,2,7.0,350.0,2.0,75000.0,83556.0
25000.0,1,10.0,350.0,2.0,100000.0,75645.5
12000.0,1,8.0,150.0,6.0,35000.0,47224.0
9817.0,1,3.0,100.0,6.0,42000.0,45266.06666666667
14500.0,1,6.0,150.0,7.0,55000.0,49973.76666666667
3545.0,1,8.0,500.0,2.0,108400.0,103171.95
10000.0,1,2.0,200.0,1.0,108500.0,81762.74
17000.0,1,4.0,150.0,4.0,90000.0,70304.0
12000.0,1,4.0,150.0,7.0,42000.0,50932.06666666667
17426.0,1,5.0,350.0,2.0,92000.0,112265.16666666666
60095.0,2,14.0,350.0,2.0,70000.0,63835.16
8089.0,1,5.0,150.0,7.0,56000.0,58341.33333333334
10194.0,1,6.0,650.0,14.0,326000.0,332561.04
14118.0,1,3.0,100.0,7.0,32000.0,33237.37
50000.0,1,16.0,100.0,7.0,9000.0,15350.14
22444.0,1,4.0,410.0,2.0,135000.0,127991.0
25800.0,1,4.0,800.0,3.0,1200000.0,1025990.0
30000.0,2,9.0,100.0,6.0,23500.0,22227.45
16000.0,1,6.0,200.0,10.0,130000.0,102751.44
19071.0,1,9.0,100.0,6.0,20000.0,25047.5
11424.0,1,5.0,150.0,4.0,76000.0,73080.0
11237.0,1,9.0,100.0,6.0,27000.0,24650.0
3450.0,1,3.0,750.0,15.0,588200.0,470684.0
24990.0,1,8.0,125.0,5.0,28000.0,25207.470000000005
58464.0,1,7.0,150.0,7.0,35000.0,34704.21
75000.0,1,8.0,150.0,7.0,40000.0,26342.9
22000.0,1,12.0,125.0,4.0,18000.0,20308.0
5000.0,1,2.0,500.0,2.0,181200.0,184138.17333333337
17962.0,1,5.0,220.0,7.0,60000.0,56330.0
45000.0,1,11.0,110.0,5.0,16500.0,22346.833333333336
233011.0,2,4.0,250.0,5.0,106000.0,107130.0
21000.0,1,6.0,150.0,4.0,49000.0,58159.98
36500.0,1,13.0,180.0,7.0,16000.0,20218.303333333333
16787.0,1,14.0,125.0,6.0,19000.0,17677.0
25639.0,1,9.0,110.0,1.0,28000.0,22925.0
31586.0,1,8.0,150.0,4.0,28000.0,32772.13333333333
9119.0,1,5.0,200.0,7.0,110000.0,102151.65
84186.0,1,16.0,125.0,6.0,15600.0,16219.79
22697.0,1,7.0,125.0,8.0,32000.0,23294.0
48000.0,1,5.0,350.0,2.0,100500.0,123324.0
22400.0,1,5.0,150.0,4.0,73800.0,66628.66666666667
14000.0,1,4.0,110.0,6.0,38000.0,42876.99
23266.0,1,9.0,150.0,7.0,28000.0,29804.285714285714
10000.0,2,6.0,650.0,5.0,440000.0,442404.54
10613.0,1,8.0,350.0,2.0,63000.0,88350.0
2881.0,1,7.0,250.0,14.0,140000.0,208483.5
14000.0,1,3.0,150.0,4.0,73000.0,125840.0
16658.0,1,6.0,150.0,4.0,73000.0,57626.0
23500.0,1,6.0,500.0,2.0,120000.0,121982.0
13431.0,1,6.0,350.0,2.0,99000.0,99667.08333333334
18000.0,1,5.0,500.0,2.0,165073.0,130640.0
30000.0,1,10.0,150.0,7.0,25000.0,22147.583333333336
14672.0,1,4.0,250.0,4.0,75000.0,114525.0
9063.0,1,10.0,100.0,6.0,22000.0,22973.0
17604.0,1,12.0,100.0,6.0,14500.0,18863.0
34400.0,1,5.0,160.0,1.0,40000.0,47367.0
33767.0,1,4.0,110.0,1.0,32000.0,30742.0
9236.0,1,4.0,200.0,7.0,120000.0,90972.25
11381.0,1,7.0,100.0,6.0,22000.0,29550.666666666664
17000.0,1,5.0,350.0,2.0,100000.0,105536.0
12580.0,1,6.0,125.0,6.0,27000.0,35202.31
15000.0,1,4.0,220.0,7.0,67700.0,74353.0
15200.0,1,6.0,220.0,7.0,65000.0,55261.39206349207
18563.0,1,14.0,150.0,6.0,15000.0,23363.756666666668
40826.0,1,8.0,150.0,4.0,38000.0,32053.0
15982.0,1,8.0,125.0,6.0,30000.0,25290.0
34968.0,1,14.0,150.0,6.0,11900.0,20756.81
100000.0,1,19.0,350.0,2.0,100000.0,52025.0
15451.0,1,8.0,100.0,6.0,24000.0,26415.0
11200.0,1,3.0,150.0,8.0,75400.0,85815.48
6867.0,1,5.0,500.0,2.0,105000.0,152164.96
21062.0,1,10.0,135.0,7.0,21000.0,21801.0
36000.0,1,5.0,150.0,6.0,43000.0,39460.0
27428.0,1,7.0,200.0,10.0,80000.0,95737.0
61129.0,1,5.0,350.0,2.0,90000.0,107527.0
14000.0,2,4.0,400.0,7.0,130000.0,111581.86166666668
29000.0,1,5.0,110.0,5.0,39900.0,32890.0
20783.0,1,6.0,350.0,2.0,120000.0,93934.9761904762
24184.0,1,15.0,100.0,7.0,14800.0,17998.0
70000.0,1,13.0,150.0,7.0,15000.0,24075.93
11300.0,1,5.0,200.0,10.0,128700.0,120818.0
9300.0,1,4.0,150.0,7.0,65000.0,53080.0
38000.0,1,4.0,160.0,5.0,70000.0,62161.7
15500.0,1,6.0,200.0,10.0,98600.0,107657.16
5432.0,1,2.0,310.0,1.0,220000.0,199770.0
13560.0,1,4.0,350.0,2.0,120000.0,108823.33333333334
4500.0,1,5.0,390.0,10.0,190000.0,178694.66666666663
40000.0,2,6.0,200.0,7.0,42000.0,57891.70000000001
27240.0,2,7.0,390.0,10.0,110000.0,113715.16666666669
11400.0,1,6.0,200.0,7.0,95000.0,70332.75
19800.0,1,8.0,110.0,5.0,22800.0,26544.39
19976.0,1,11.0,100.0,6.0,30000.0,21270.8
23599.0,1,6.0,160.0,1.0,35000.0,48928.0
23850.0,1,11.0,150.0,4.0,25000.0,29165.25
43358.0,1,10.0,100.0,6.0,20000.0,21155.0
12525.0,1,8.0,100.0,6.0,34000.0,28014.98
45000.0,1,6.0,150.0,8.0,45000.0,45459.0
14000.0,1,5.0,150.0,8.0,50000.0,62777.10904761904
28411.0,1,7.0,500.0,2.0,70000.0,111965.20666666668
14854.0,1,7.0,150.0,4.0,70000.0,52209.66666666666
5100.0,1,2.0,390.0,10.0,210000.0,209124.0
21900.0,1,3.0,400.0,7.0,135000.0,141340.0
29407.0,1,11.0,100.0,6.0,24500.0,17721.5
42000.0,1,8.0,220.0,7.0,40000.0,44114.50833333334
2550.0,1,2.0,220.0,7.0,110000.0,94799.0
8500.0,1,5.0,650.0,12.0,415000.0,470465.33
1500.0,1,5.0,750.0,15.0,445600.0,462630.0
18000.0,1,5.0,160.0,1.0,45000.0,47860.0
4000.0,1,5.0,200.0,7.0,113500.0,89605.0
56000.0,1,10.0,150.0,7.0,18600.0,20100.0
10386.0,1,4.0,220.0,7.0,68000.0,70645.0
69758.0,2,11.0,100.0,6.0,18000.0,16079.0
10000.0,1,3.0,150.0,4.0,90000.0,86258.15357142859
35710.0,1,8.0,125.0,5.0,21000.0,25731.29333333333
16432.0,1,3.0,100.0,6.0,35000.0,46131.96
17000.0,1,3.0,250.0,4.0,133500.0,98000.0
26000.0,1,7.0,350.0,2.0,115000.0,99478.0
36000.0,1,15.0,350.0,2.0,81865.0,63823.38
14992.0,1,8.0,110.0,5.0,35000.0,26235.99
41007.0,1,8.0,250.0,5.0,75000.0,82053.68428571429
8500.0,1,3.0,400.0,7.0,130000.0,160108.0
5200.0,1,6.0,500.0,2.0,150000.0,117817.12
7734.0,1,4.0,200.0,7.0,101697.0,77959.0
25000.0,1,9.0,150.0,4.0,69000.0,38193.049999999996
10800.0,1,4.0,125.0,5.0,51000.0,42399.58
84644.0,1,10.0,125.0,7.0,25000.0,19438.0
23500.0,1,6.0,110.0,6.0,25000.0,32808.5
18857.0,1,8.0,125.0,6.0,24000.0,28749.79
19927.0,1,7.0,350.0,2.0,69500.0,88253.0
38000.0,1,6.0,150.0,4.0,90000.0,54004.0
29800.0,1,4.0,180.0,1.0,53000.0,60186.87
15000.0,1,5.0,100.0,6.0,33700.0,35962.357142857145
37301.0,1,6.0,200.0,7.0,85000.0,74840.0
7230.0,1,7.0,200.0,7.0,44000.0,48876.0
14000.0,1,5.0,200.0,1.0,62000.0,71543.33333333333
12542.0,1,5.0,350.0,2.0,102000.0,113556.0
7420.0,1,6.0,150.0,8.0,65000.0,61364.0
50000.0,1,5.0,500.0,2.0,130000.0,125966.0
12561.0,1,3.0,100.0,6.0,36000.0,44402.99
46583.0,1,12.0,150.0,5.0,25000.0,25119.99
18000.0,1,3.0,150.0,7.0,47800.0,51120.0
16181.0,1,8.0,125.0,7.0,16500.0,20173.0
14268.0,1,2.0,110.0,7.0,39500.0,43262.46
19700.0,1,4.0,220.0,7.0,65000.0,59536.83333333334
46333.0,1,5.0,125.0,7.0,38000.0,27338.0
10000.0,1,4.0,100.0,7.0,43000.0,34925.0
18000.0,2,7.0,650.0,12.0,289000.0,318150.55
35000.0,1,13.0,100.0,6.0,15000.0,15942.057142857144
29200.0,1,5.0,350.0,2.0,108000.0,89150.83333333331
948.0,1,2.0,125.0,6.0,43778.0,63486.72
17000.0,1,5.0,150.0,7.0,57000.0,51124.09523809524
32644.0,1,3.0,160.0,1.0,68000.0,66085.0
19000.0,1,3.0,160.0,1.0,75000.0,75938.4
19627.0,1,2.0,150.0,8.0,89000.0,70443.52
179.0,2,5.0,200.0,7.0,90000.0,107231.0
10623.0,1,4.0,110.0,6.0,49500.0,41565.0
27922.0,1,6.0,350.0,2.0,90000.0,114230.0
54345.0,2,10.0,100.0,7.0,17500.0,17078.0
29000.0,1,11.0,223.0,6.0,24300.0,35408.99
39000.0,2,9.0,150.0,4.0,48000.0,31413.0
33232.0,1,7.0,125.0,6.0,29999.0,32884.333333333336
5610.0,1,10.0,150.0,6.0,22000.0,27676.6
6000.0,1,8.0,100.0,6.0,30000.0,20713.99
15000.0,1,8.0,125.0,7.0,28000.0,20090.0
4200.0,1,3.0,150.0,4.0,110900.0,120435.0
22317.0,1,8.0,125.0,5.0,33000.0,29599.81
16000.0,1,6.0,200.0,7.0,75000.0,88705.33333333334
18056.0,1,4.0,500.0,2.0,120000.0,132724.0
838.0,1,3.0,160.0,1.0,60000.0,77389.0
7292.0,1,4.0,350.0,2.0,125000.0,147230.0
5740.0,1,6.0,500.0,2.0,140000.0,112481.0
13000.0,1,4.0,200.0,10.0,110000.0,150978.33333333334
12000.0,1,3.0,650.0,12.0,526300.0,486680.0
32802.0,2,10.0,250.0,5.0,57000.0,67702.0
33000.0,1,12.0,125.0,5.0,28000.0,19851.333333333332
18302.0,2,4.0,220.0,7.0,70000.0,59818.5
41012.0,1,10.0,150.0,7.0,16500.0,31372.166666666664
70000.0,1,11.0,223.0,6.0,43000.0,31056.73
40000.0,1,6.0,160.0,5.0,45900.0,48994.0
9500.0,1,2.0,150.0,4.0,145000.0,78285.0
21820.0,1,6.0,350.0,2.0,85000.0,95095.0
39500.0,1,11.0,135.0,7.0,17000.0,20437.87
20494.0,1,5.0,125.0,6.0,36000.0,40592.4
55300.0,1,7.0,150.0,4.0,46728.0,39135.99
40700.0,1,12.0,220.0,7.0,29500.0,34299.64
22000.0,1,5.0,350.0,2.0,120000.0,114539.3166666667
2500.0,1,3.0,160.0,7.0,85000.0,77133.15
26379.0,1,11.0,350.0,2.0,71000.0,65692.16666666666
17000.0,1,4.0,150.0,7.0,45000.0,54958.76666666667
19687.0,1,10.0,125.0,5.0,18000.0,24008.0
25000.0,1,7.0,125.0,5.0,25600.0,22975.0
7500.0,1,3.0,390.0,10.0,200000.0,208972.2857142857
9581.0,1,5.0,150.0,7.0,37000.0,35928.78
14144.0,2,8.0,200.0,10.0,71000.0,82183.0
2607.0,1,5.0,750.0,15.0,460000.0,456230.0
60857.0,1,13.0,150.0,7.0,22000.0,20619.43
23045.0,1,9.0,350.0,2.0,75000.0,85640.9
12000.0,1,4.0,100.0,6.0,33000.0,37225.0
6903.0,1,2.0,180.0,7.0,65000.0,75061.76666666666
14200.0,1,5.0,390.0,10.0,175000.0,129340.0
11877.0,2,3.0,160.0,1.0,80000.0,81612.99
18500.0,1,5.0,150.0,7.0,62000.0,42440.0
24516.0,1,6.0,350.0,2.0,89000.0,87917.03174603176
17000.0,1,5.0,125.0,5.0,54000.0,43050.06666666667
39000.0,1,5.0,220.0,7.0,50800.0,47109.0
20000.0,1,24.0,100.0,6.0,21101.0,24930.0
10200.0,1,5.0,350.0,2.0,125000.0,130794.91666666669
15255.0,1,3.0,150.0,8.0,90000.0,70808.0
7000.0,1,4.0,350.0,2.0,140000.0,137990.0
69200.0,1,12.0,125.0,5.0,20500.0,17048.0
16023.0,1,11.0,135.0,7.0,26000.0,19270.0
50000.0,1,7.0,223.0,6.0,43198.0,44420.46666666666
8000.0,1,6.0,110.0,11.0,41000.0,50259.99
2000.0,1,5.0,410.0,2.0,155000.0,161296.0
19081.0,1,12.0,110.0,1.0,16000.0,16525.0
17870.0,1,7.0,100.0,7.0,25000.0,21758.29
20000.0,1,6.0,350.0,2.0,105000.0,102701.2357142857
9000.0,1,6.0,110.0,6.0,42000.0,38174.5
31530.0,1,6.0,350.0,2.0,77616.0,89268.82142857142
34276.0,1,8.0,350.0,2.0,90000.0,83041.2
28154.0,1,4.0,350.0,2.0,86700.0,104760.5
12500.0,1,4.0,200.0,1.0,67000.0,76720.0
50000.0,1,12.0,100.0,6.0,20000.0,18184.000000000004
15000.0,1,3.0,200.0,6.0,78000.0,91714.0
15300.0,1,7.0,350.0,2.0,90000.0,92294.0
22422.0,1,9.0,125.0,5.0,30500.0,23211.0
68917.0,1,16.0,150.0,7.0,6890.0,13701.0
34028.0,1,6.0,125.0,7.0,30000.0,27495.99
15888.0,1,5.0,500.0,2.0,125000.0,108235.31666666668
17904.0,1,6.0,100.0,7.0,23000.0,23362.0
5655.0,1,5.0,200.0,7.0,110000.0,103542.0
23500.0,1,8.0,100.0,6.0,38000.0,27219.93
59500.0,3,5.0,150.0,8.0,32000.0,40207.57
79000.0,1,11.0,125.0,6.0,18000.0,19422.0
46000.0,1,15.0,100.0,6.0,20300.0,12430.34
16646.0,1,3.0,200.0,1.0,98000.0,97725.0
4600.0,1,4.0,400.0,7.0,147700.0,117904.85
15000.0,1,5.0,300.0,9.0,200000.0,196864.89
18000.0,1,6.0,160.0,5.0,65000.0,44884.0
45000.0,1,18.0,350.0,2.0,80000.0,61944.0
35000.0,3,8.0,100.0,6.0,22500.0,27323.98
38755.0,1,8.0,125.0,6.0,22000.0,27064.0
45000.0,1,8.0,125.0,5.0,21400.0,28710.0
39000.0,1,10.0,125.0,8.0,15900.0,24416.41
28725.0,1,4.0,110.0,1.0,31500.0,34748.0
41214.0,1,8.0,150.0,7.0,22000.0,26581.57
35000.0,1,5.0,220.0,7.0,60000.0,63280.0
11000.0,1,7.0,150.0,4.0,73000.0,49893.0
8000.0,1,5.0,750.0,15.0,445600.0,443154.0
45000.0,1,12.0,150.0,7.0,21000.0,17349.82
9868.0,1,5.0,390.0,10.0,180000.0,162715.75
12000.0,1,7.0,150.0,4.0,42000.0,54853.0
10430.0,1,3.0,100.0,7.0,35000.0,38060.0
40000.0,1,9.0,125.0,5.0,34000.0,21190.2
7500.0,1,5.0,150.0,8.0,49000.0,67399.98
5000.0,1,7.0,350.0,2.0,85700.0,105670.0
6168.0,1,5.0,150.0,4.0,41000.0,75560.43333333333
19000.0,2,7.0,500.0,2.0,88000.0,122462.0
10805.0,1,4.0,400.0,7.0,148000.0,140844.0
41090.0,2,4.0,150.0,7.0,36800.0,53953.76
61906.0,1,8.0,125.0,7.0,18000.0,24905.0
67731.0,1,10.0,100.0,6.0,16500.0,19441.0
26000.0,2,9.0,150.0,7.0,29000.0,35092.0
20386.0,1,9.0,100.0,7.0,21000.0,23756.99
70403.0,3,15.0,100.0,6.0,12500.0,26270.8
13000.0,1,6.0,250.0,12.0,180000.0,141372.0
9500.0,1,4.0,400.0,7.0,145000.0,130955.0
10000.0,1,3.0,200.0,10.0,160700.0,146489.25
20000.0,1,7.0,150.0,4.0,72000.0,41365.833333333336
21000.0,1,7.0,220.0,7.0,60000.0,50933.99
3430.0,1,4.0,750.0,15.0,450000.0,459374.0
16880.0,2,2.0,160.0,7.0,70000.0,69338.64
17547.0,1,4.0,220.0,7.0,62000.0,70500.0
3842.0,1,7.0,350.0,2.0,85000.0,117877.0
12700.0,1,7.0,200.0,7.0,45900.0,49466.0
22000.0,1,4.0,110.0,6.0,45000.0,38310.0
4268.0,1,2.0,200.0,7.0,105000.0,116307.0
12434.0,1,6.0,500.0,2.0,118000.0,95158.0
59794.0,1,9.0,150.0,4.0,66000.0,42434.5
22226.0,1,4.0,125.0,6.0,47000.0,39215.333333333336
17564.0,1,2.0,300.0,11.0,149292.0,151410.0
9500.0,1,5.0,150.0,7.0,40085.0,42680.95
17573.0,1,4.0,250.0,10.0,145000.0,146090.0
18374.0,2,5.0,160.0,5.0,57000.0,54420.99
18000.0,1,7.0,110.0,11.0,29000.0,20948.65
35000.0,1,8.0,125.0,6.0,20600.0,25010.996666666666
20000.0,1,4.0,150.0,5.0,65000.0,64131.33333333334
8000.0,1,5.0,200.0,7.0,66800.0,77290.0
29416.0,1,5.0,390.0,10.0,140900.0,143916.66666666666
40700.0,1,5.0,220.0,7.0,50900.0,47265.0
47098.0,1,9.0,223.0,6.0,28000.0,37371.8
8000.0,1,9.0,150.0,4.0,23500.0,34673.0
19318.0,1,5.0,100.0,6.0,34000.0,29429.519047619044
23085.0,1,7.0,390.0,10.0,145000.0,119567.16666666664
11760.0,1,4.0,200.0,7.0,90000.0,87205.19
19500.0,1,6.0,500.0,2.0,165000.0,121536.0
10975.0,1,6.0,125.0,5.0,35000.0,34593.52
21700.0,1,5.0,200.0,7.0,80000.0,94024.58
5300.0,1,6.0,200.0,7.0,100400.0,105214.0
17600.0,1,6.0,390.0,10.0,100000.0,156675.0
24079.0,1,8.0,150.0,7.0,32000.0,39419.095
13000.0,2,10.0,350.0,2.0,73000.0,70699.01
11000.0,1,7.0,535.0,2.0,105000.0,116528.95
4285.0,1,4.0,400.0,7.0,141500.0,124315.14
6000.0,1,9.0,500.0,2.0,93000.0,87681.16
18000.0,1,6.0,390.0,10.0,105000.0,157070.0
21822.0,1,6.0,125.0,5.0,38000.0,33127.0
20241.0,1,6.0,350.0,2.0,95000.0,102210.62857142856
3500.0,1,3.0,500.0,2.0,160000.0,180952.48
26500.0,1,5.0,200.0,7.0,92000.0,85245.0
43750.0,2,13.0,220.0,7.0,20000.0,27949.1
28000.0,2,6.0,223.0,6.0,35000.0,40313.97
2000.0,1,2.0,350.0,2.0,140000.0,151928.0
8010.0,1,4.0,150.0,4.0,62000.0,58315.0
3734.0,1,3.0,350.0,2.0,130000.0,136326.99
28516.0,1,12.0,125.0,5.0,17000.0,17538.333333333332
10589.0,1,11.0,150.0,4.0,33000.0,30377.86
49000.0,2,8.0,150.0,5.0,40000.0,48179.58
7400.0,1,3.0,125.0,5.0,46000.0,52300.0
71000.0,1,9.0,223.0,6.0,57500.0,37757.86
13678.0,1,4.0,150.0,8.0,70000.0,68323.33333333334
7500.0,1,5.0,650.0,12.0,330000.0,498386.33
15091.0,2,7.0,220.0,7.0,45000.0,47453.74999999999
5000.0,1,2.0,650.0,2.0,280000.0,279550.0
18346.0,1,2.0,110.0,7.0,43500.0,44213.56
19000.0,1,4.0,390.0,10.0,177300.0,177853.0
15000.0,1,2.0,200.0,7.0,130000.0,110088.88
26888.0,1,7.0,150.0,7.0,26500.0,48952.995
29030.0,1,4.0,125.0,6.0,38000.0,40695.33333333333
20000.0,1,6.0,220.0,7.0,56500.0,67900.0
17000.0,1,6.0,150.0,7.0,26200.0,48338.54761904762
36000.0,2,6.0,223.0,6.0,50100.0,41438.0
3000.0,1,3.0,220.0,7.0,74000.0,76325.0
12000.0,1,4.0,302.0,9.0,250000.0,229712.8925
61000.0,1,7.0,150.0,7.0,31000.0,32407.22
30000.0,1,5.0,150.0,7.0,42000.0,50356.211904761905
8000.0,1,14.0,223.0,6.0,21800.0,20122.0
20000.0,1,6.0,100.0,6.0,38000.0,30619.5
10000.0,1,10.0,350.0,2.0,72500.0,67148.02
4730.0,1,4.0,160.0,5.0,77600.0,83191.0
27300.0,1,6.0,150.0,5.0,78000.0,53246.3
12580.0,2,11.0,150.0,4.0,23300.0,28830.0
658.0,2,4.0,223.0,6.0,50000.0,88893.5
21466.0,1,10.0,135.0,7.0,25000.0,21066.0
66386.0,1,16.0,150.0,7.0,20000.0,13268.0
23800.0,1,7.0,150.0,5.0,75500.0,43562.0
46182.0,1,8.0,180.0,1.0,28000.0,48717.16666666667
30000.0,1,5.0,300.0,11.0,110000.0,133485.9047619048
22000.0,1,8.0,150.0,5.0,48915.0,35195.0
17407.0,2,9.0,150.0,5.0,46000.0,40156.0
20000.0,1,10.0,150.0,5.0,24000.0,32775.39
30489.0,1,6.0,100.0,6.0,26000.0,27286.65
22000.0,2,8.0,160.0,1.0,28000.0,32269.0
12000.0,1,4.0,125.0,6.0,37000.0,39159.39
18020.0,1,7.0,150.0,7.0,35000.0,39184.97
47000.0,1,13.0,125.0,6.0,13100.0,18932.44
7555.0,1,5.0,410.0,2.0,150000.0,136741.99
27400.0,1,4.0,400.0,7.0,125000.0,109217.0
12944.0,1,7.0,220.0,7.0,55000.0,49523.0
58000.0,1,10.0,150.0,4.0,31000.0,23635.0
16123.0,1,4.0,100.0,6.0,40000.0,41570.119047619046
33755.0,1,7.0,110.0,5.0,25000.0,29428.303333333333
27167.0,1,5.0,150.0,8.0,58000.0,57710.0
16000.0,1,6.0,200.0,7.0,78000.0,88705.33333333334
30687.0,1,14.0,350.0,2.0,75000.0,67420.33333333333
15500.0,1,8.0,500.0,2.0,100000.0,87673.0
18100.0,1,4.0,250.0,4.0,90000.0,111140.0
8975.0,1,7.0,150.0,8.0,40000.0,43540.0
35778.0,1,11.0,100.0,6.0,18000.0,20639.333333333332
18000.0,1,5.0,100.0,6.0,35000.0,30050.0
41000.0,1,8.0,100.0,1.0,25000.0,24074.31333333333
7127.0,1,5.0,220.0,7.0,80000.0,62967.15
15327.0,1,5.0,150.0,7.0,42000.0,53204.0
8000.0,1,4.0,250.0,10.0,160000.0,151088.0
78800.0,1,15.0,100.0,6.0,26000.0,15633.85
45263.0,1,6.0,150.0,8.0,62000.0,44129.0
24000.0,1,7.0,110.0,1.0,26000.0,22694.8
35866.0,1,5.0,160.0,5.0,45000.0,56175.0
13800.0,1,5.0,125.0,6.0,41000.0,41205.0
40323.0,1,7.0,150.0,5.0,40000.0,41062.5
29094.0,1,4.0,125.0,7.0,37000.0,33902.3
30000.0,2,13.0,223.0,6.0,16900.0,24812.41
16920.0,1,5.0,150.0,7.0,30000.0,48699.63333333333
56000.0,1,11.0,125.0,5.0,18000.0,21600.0
66000.0,1,11.0,150.0,6.0,28000.0,19188.0
20931.0,1,11.0,100.0,6.0,23000.0,23652.0
26000.0,1,8.0,125.0,6.0,35000.0,26707.5
8030.0,1,4.0,110.0,4.0,37000.0,48402.0
19000.0,1,5.0,200.0,7.0,90000.0,96025.66666666669
20631.0,1,12.0,350.0,2.0,54000.0,88911.0
24000.0,1,10.0,250.0,5.0,95000.0,79575.46666666667
14779.0,1,4.0,350.0,2.0,105000.0,112566.0
22000.0,1,4.0,750.0,15.0,386000.0,460036.0
19864.0,2,9.0,150.0,6.0,18000.0,30727.0
52000.0,2,16.0,223.0,6.0,13700.0,20828.0
14892.0,1,4.0,100.0,6.0,50000.0,37239.0
30000.0,1,8.0,135.0,7.0,35000.0,26424.0
21000.0,2,6.0,350.0,2.0,92000.0,94604.28968253969
50000.0,1,10.0,160.0,1.0,25700.0,22601.333333333336
39000.0,1,9.0,150.0,4.0,34000.0,30189.0
29324.0,1,7.0,200.0,7.0,41000.0,50854.0
18000.0,1,6.0,125.0,6.0,23000.0,33432.33333333333
5500.0,1,2.0,100.0,6.0,48500.0,51770.69
5600.0,1,4.0,350.0,2.0,133000.0,101835.0
27356.0,1,3.0,350.0,2.0,150000.0,117796.5
40000.0,2,17.0,350.0,2.0,60000.0,57870.0
3000.0,1,3.0,150.0,7.0,74400.0,63598.0
22840.0,1,5.0,150.0,7.0,38000.0,63337.2
13328.0,1,4.0,100.0,6.0,35000.0,36081.38
50000.0,1,7.0,350.0,2.0,97999.0,92370.0
19000.0,1,7.0,250.0,14.0,145000.0,201168.0
50000.0,1,7.0,350.0,2.0,75000.0,92370.0
13829.0,1,5.0,200.0,7.0,100000.0,77619.66666666666
22560.0,1,7.0,100.0,6.0,30000.0,28162.0
18792.0,1,6.0,100.0,6.0,25000.0,35890.0
33186.0,1,5.0,150.0,8.0,55000.0,48081.0
25000.0,1,9.0,100.0,7.0,18000.0,21629.0
33000.0,1,8.0,150.0,5.0,47100.0,41149.46
32969.0,1,5.0,100.0,1.0,23000.0,28698.5
25000.0,1,7.0,223.0,6.0,49000.0,43566.0
5250.0,1,3.0,100.0,6.0,61000.0,47389.0
22365.0,1,10.0,100.0,6.0,27500.0,27315.0
61743.0,1,8.0,110.0,5.0,30000.0,23090.0
9300.0,1,11.0,150.0,4.0,30000.0,37440.0
35500.0,1,7.0,150.0,8.0,38700.0,42371.12
20000.0,1,5.0,350.0,2.0,120000.0,109283.2
27000.0,1,6.0,220.0,7.0,54400.0,49495.0
61000.0,1,6.0,135.0,7.0,27000.0,28688.99
33000.0,1,6.0,220.0,7.0,58000.0,53502.0
15768.0,1,6.0,125.0,5.0,28000.0,27382.86
47000.0,1,8.0,180.0,1.0,36700.0,49901.81333333334
30000.0,1,5.0,350.0,2.0,100000.0,86834.0
4000.0,1,3.0,350.0,2.0,148000.0,147532.0
14900.0,1,5.0,500.0,2.0,115000.0,118337.3295952381
96142.0,1,10.0,160.0,1.0,18500.0,24272.0
9300.0,1,8.0,390.0,10.0,100000.0,131950.0
23000.0,1,3.0,110.0,6.0,48000.0,44901.1
5000.0,1,5.0,750.0,15.0,350000.0,427600.0
55250.0,1,6.0,200.0,7.0,35000.0,73939.9
82178.0,1,18.0,135.0,6.0,5000.0,14561.25
42000.0,2,14.0,135.0,7.0,20000.0,13309.48
19000.0,2,6.0,150.0,4.0,35000.0,49376.77
75000.0,1,14.0,125.0,6.0,20999.0,16301.24
25435.0,1,5.0,150.0,7.0,48000.0,45609.0
10300.0,1,4.0,350.0,2.0,125000.0,130905.0
17000.0,1,9.0,350.0,2.0,99900.0,86970.28
45000.0,1,8.0,100.0,7.0,26799.0,25522.0
37000.0,1,9.0,150.0,4.0,26000.0,40001.0
34000.0,1,9.0,200.0,7.0,35000.0,40076.69
6537.0,1,4.0,200.0,10.0,140000.0,144450.0
13000.0,1,8.0,500.0,2.0,109500.0,111797.3
37250.0,1,17.0,100.0,6.0,17200.0,17106.0
14544.0,1,3.0,220.0,7.0,68000.0,79084.0
16051.0,1,6.0,250.0,14.0,175000.0,203143.0
23000.0,1,6.0,150.0,4.0,45000.0,83887.66666666669
7000.0,2,3.0,180.0,1.0,72000.0,72168.0
29000.0,1,10.0,350.0,2.0,68700.0,73070.0
3.0,1,3.0,1299.0,13.0,800000.0,822863.5
4500.0,1,3.0,200.0,1.0,98000.0,87984.0
37000.0,1,8.0,100.0,7.0,22000.0,25687.0
5900.0,1,3.0,200.0,6.0,98000.0,89808.0
25000.0,1,6.0,350.0,2.0,115000.0,92038.39826839825
19411.0,1,9.0,160.0,1.0,35000.0,57222.0
20000.0,1,5.0,500.0,2.0,125000.0,113843.0
30000.0,1,5.0,100.0,6.0,42000.0,31300.0
30000.0,1,7.0,390.0,10.0,90000.0,130568.0
2100.0,1,6.0,350.0,2.0,95000.0,102250.0
500.0,1,4.0,150.0,7.0,57000.0,59226.0
22724.0,1,7.0,150.0,7.0,38000.0,28920.0
20555.0,1,10.0,150.0,4.0,28000.0,50485.0
29494.0,2,8.0,100.0,6.0,37000.0,25689.99
25398.0,3,13.0,135.0,7.0,14000.0,17801.99
7300.0,1,3.0,350.0,2.0,140000.0,132529.0
1234.0,2,7.0,220.0,7.0,50000.0,47995.0
13574.0,1,9.0,150.0,4.0,35800.0,39084.0
38000.0,1,5.0,200.0,7.0,89000.0,72124.98
59000.0,1,15.0,100.0,6.0,17000.0,15074.99
39037.0,1,5.0,150.0,7.0,50000.0,37583.333333333336
5112.0,1,3.0,160.0,1.0,78000.0,81307.0
22400.0,1,6.0,350.0,2.0,110000.0,92976.0
14494.0,1,6.0,110.0,6.0,34000.0,31915.0
12250.0,1,10.0,150.0,4.0,38000.0,29160.0
25000.0,1,7.0,150.0,5.0,52000.0,44599.0
18580.0,3,6.0,390.0,10.0,125000.0,155338.0
15465.0,1,3.0,250.0,4.0,86000.0,102441.0
44000.0,1,13.0,125.0,7.0,13000.0,19030.0
6500.0,1,5.0,160.0,5.0,46500.0,73587.66666666666
18000.0,1,8.0,100.0,6.0,22000.0,24545.0
27000.0,1,7.0,200.0,10.0,110000.0,93835.0
5130.0,1,5.0,500.0,2.0,110000.0,140640.0
15000.0,1,5.0,500.0,2.0,130000.0,118337.3295952381
40000.0,1,11.0,150.0,5.0,15000.0,28438.75
73845.0,1,6.0,150.0,7.0,55000.0,32241.06
1500.0,1,3.0,150.0,8.0,93300.0,86556.0
53190.0,1,10.0,180.0,7.0,20000.0,24925.77
5300.0,1,2.0,150.0,8.0,95000.0,93888.95
32158.0,1,6.0,350.0,2.0,99000.0,89374.73142857144
20208.0,1,6.0,100.0,6.0,30000.0,32749.0
16956.0,1,7.0,180.0,1.0,55000.0,54014.0
6500.0,1,4.0,160.0,7.0,80000.0,52344.66666666666
23000.0,2,5.0,390.0,10.0,115000.0,163437.0
31216.0,1,5.0,500.0,2.0,114000.0,112450.0
9923.0,1,2.0,125.0,7.0,39000.0,48774.0
12975.0,1,6.0,350.0,2.0,95783.0,102448.7261904762
8000.0,1,5.0,100.0,1.0,30000.0,31461.0
20000.0,1,12.0,100.0,6.0,11000.0,17697.78
45330.0,1,14.0,100.0,6.0,20100.0,13832.01
1320.0,1,4.0,400.0,7.0,160000.0,159942.0
20000.0,1,8.0,125.0,5.0,22000.0,29099.0
24021.0,1,5.0,125.0,5.0,30000.0,36410.0
30000.0,1,5.0,150.0,7.0,67000.0,50356.211904761905
12580.0,1,8.0,150.0,4.0,34000.0,51638.33
12000.0,1,3.0,310.0,1.0,199000.0,192224.0
13175.0,2,5.0,150.0,4.0,73000.0,62818.0
7500.0,1,5.0,110.0,6.0,50000.0,44834.97
16128.0,1,4.0,150.0,7.0,62000.0,62224.0
14500.0,1,3.0,900.0,12.0,710000.0,848273.0
10000.0,1,13.0,125.0,7.0,13000.0,17836.51
37000.0,1,5.0,100.0,6.0,22500.0,34873.0
25000.0,1,7.0,100.0,7.0,29500.0,25840.0
18056.0,1,5.0,100.0,6.0,28500.0,31465.0
1700.0,1,3.0,150.0,8.0,80000.0,84016.0
7500.0,1,6.0,883.0,15.0,482000.0,562869.99
19598.0,1,6.0,100.0,6.0,37000.0,28498.0
13820.0,1,7.0,100.0,6.0,34000.0,26227.999999999996
8718.0,1,3.0,100.0,1.0,38000.0,38192.35
21200.0,1,4.0,200.0,1.0,64600.0,70210.35
10637.0,1,3.0,110.0,5.0,40000.0,42684.2
18454.0,1,4.0,160.0,1.0,54000.0,61880.0
12184.0,1,6.0,500.0,2.0,97000.0,96958.0
24500.0,1,12.0,200.0,7.0,39500.0,26943.0
54151.0,1,5.0,100.0,7.0,25000.0,25949.0
40000.0,1,9.0,150.0,4.0,33500.0,29250.0
13500.0,1,5.0,350.0,2.0,120000.0,114126.0
13223.0,1,12.0,1300.0,8.0,850000.0,987279.93
32000.0,1,5.0,350.0,2.0,120000.0,107463.0
56000.0,1,6.0,200.0,10.0,137500.0,85359.0
2820.0,1,5.0,100.0,6.0,32000.0,33533.77
16695.0,1,6.0,150.0,7.0,35000.0,48680.33333333334
17400.0,1,9.0,350.0,2.0,92000.0,83539.56
44000.0,1,13.0,180.0,7.0,18158.0,28414.99
9131.0,1,6.0,125.0,7.0,36000.0,36830.0
29189.0,1,4.0,135.0,7.0,29000.0,38148.35
16000.0,1,5.0,180.0,1.0,35999.0,57766.0
12000.0,1,3.0,150.0,4.0,80000.0,98369.0
50000.0,1,6.0,150.0,7.0,30000.0,31542.36
9500.0,1,9.0,350.0,2.0,80000.0,61017.01
8000.0,1,5.0,390.0,10.0,170000.0,156154.25
19000.0,1,5.0,160.0,5.0,70000.0,50920.0
3200.0,1,2.0,125.0,6.0,57000.0,63765.94
25000.0,1,7.0,110.0,5.0,26000.0,22935.0
17180.0,1,3.0,125.0,6.0,55000.0,49550.0
16000.0,1,3.0,320.0,4.0,308000.0,227470.76
85000.0,1,14.0,150.0,6.0,25000.0,18685.0
8000.0,1,3.0,650.0,12.0,550000.0,512760.0
18500.0,1,5.0,390.0,10.0,173000.0,154572.0
11760.0,1,4.0,200.0,7.0,100000.0,87205.19
167.0,1,2.0,390.0,10.0,200000.0,186042.5
45000.0,1,11.0,150.0,7.0,26000.0,21595.0
28478.0,1,5.0,125.0,6.0,37000.0,32180.0
9800.0,1,6.0,350.0,2.0,96100.0,100117.0
93566.0,1,6.0,150.0,7.0,40000.0,26074.98
25000.0,1,12.0,150.0,6.0,16088.0,18153.5
2780.0,1,2.0,110.0,5.0,65000.0,53289.64666666667
78000.0,1,13.0,100.0,6.0,15000.0,15128.0
31000.0,1,6.0,150.0,7.0,42990.0,41806.66666666667
26320.0,1,5.0,220.0,7.0,56000.0,60573.28333333333
25000.0,1,9.0,150.0,4.0,20000.0,38193.049999999996
14000.0,1,3.0,310.0,1.0,205000.0,187911.0
29249.0,1,6.0,200.0,10.0,85000.0,97507.0
63371.0,1,8.0,150.0,4.0,48000.0,52512.95
16336.0,1,7.0,350.0,2.0,87000.0,111680.0
42837.0,1,8.0,150.0,5.0,43000.0,38191.57
20021.0,1,5.0,220.0,7.0,60000.0,55000.0
9820.0,1,3.0,350.0,2.0,115000.0,99690.0
19000.0,1,9.0,150.0,4.0,22000.0,41435.0
19339.0,1,5.0,350.0,2.0,103000.0,103416.38
21000.0,1,5.0,500.0,2.0,102600.0,114895.0
32000.0,1,4.0,390.0,10.0,180800.0,171294.0
31000.0,2,4.0,150.0,7.0,40000.0,53426.33333333333
26090.0,1,7.0,110.0,6.0,32000.0,28993.02
16589.0,1,8.0,350.0,2.0,85999.0,90911.0
19100.0,1,4.0,320.0,4.0,254581.0,157331.22
14550.0,1,9.0,250.0,5.0,70000.0,71834.0
8903.0,1,8.0,220.0,7.0,45000.0,42039.11
12992.0,1,3.0,100.0,7.0,33000.0,34485.99
25536.0,1,7.0,865.0,3.0,550000.0,603904.0
4000.0,1,2.0,200.0,1.0,128000.0,108591.0
68500.0,2,7.0,150.0,4.0,68500.0,34969.91
23264.0,1,4.0,160.0,7.0,50000.0,50085.5
9614.0,1,11.0,150.0,4.0,24000.0,37040.0
16000.0,1,3.0,220.0,7.0,90000.0,80775.0
40000.0,1,24.0,100.0,6.0,23000.0,23460.0
52000.0,1,15.0,100.0,6.0,23300.0,12915.96
34859.0,1,3.0,100.0,7.0,32000.0,29778.5
17000.0,2,5.0,150.0,7.0,47000.0,46871.24285714285
29850.0,1,7.0,350.0,2.0,80000.0,88073.0
1200.0,1,7.0,160.0,1.0,39000.0,71408.38
9895.0,1,3.0,200.0,1.0,80000.0,71474.85
24461.0,1,7.0,100.0,1.0,22500.0,22336.0
10741.0,1,5.0,750.0,15.0,445600.0,414352.0
10000.0,1,2.0,200.0,10.0,168000.0,169764.25
13000.0,1,8.0,350.0,2.0,89000.0,85900.0
38000.0,1,15.0,180.0,7.0,12000.0,17721.24
17100.0,1,4.0,160.0,5.0,62000.0,67489.0
15288.0,2,5.0,350.0,2.0,95000.0,121377.0
15000.0,1,5.0,350.0,2.0,95000.0,113481.0
3300.0,1,5.0,410.0,2.0,115000.0,154185.98
15000.0,1,5.0,110.0,6.0,35100.0,37880.50952380952
28916.0,1,5.0,350.0,2.0,119999.0,108459.80000000002
1363.0,1,3.0,110.0,1.0,45000.0,50459.42
19346.0,1,4.0,150.0,7.0,26000.0,53534.36
6900.0,1,4.0,400.0,7.0,140000.0,122206.0
10000.0,1,5.0,100.0,1.0,24000.0,30785.0
21477.0,1,8.0,100.0,6.0,28000.0,31584.0
15000.0,1,5.0,150.0,7.0,45000.0,51576.25
14818.0,1,6.0,160.0,1.0,50000.0,51334.33333333334
13138.0,1,4.0,150.0,7.0,44000.0,60767.4
20595.0,1,12.0,100.0,6.0,22000.0,16723.0
36578.0,1,10.0,100.0,7.0,14500.0,20168.64
35000.0,1,15.0,100.0,6.0,12000.0,16002.32
11000.0,1,4.0,350.0,2.0,140000.0,122370.58333333331
32489.0,1,7.0,125.0,5.0,26000.0,31516.0
4000.0,1,5.0,110.0,5.0,40000.0,41692.37
6300.0,1,4.0,100.0,7.0,24000.0,28063.0
12785.0,2,12.0,150.0,4.0,32000.0,27901.0
20844.0,1,7.0,350.0,2.0,110000.0,85269.05238095239
50000.0,1,10.0,150.0,6.0,21000.0,24742.0
35000.0,1,14.0,100.0,6.0,14500.0,17328.666666666668
72354.0,1,10.0,150.0,4.0,45000.0,34487.0
30000.0,1,9.0,100.0,7.0,21500.0,20090.96
43000.0,2,9.0,125.0,5.0,14500.0,24524.79
37000.0,1,9.0,150.0,5.0,35000.0,44888.66666666667
16000.0,1,5.0,150.0,7.0,58100.0,46181.0
26000.0,2,12.0,125.0,5.0,33500.0,17878.98
28795.0,1,8.0,125.0,5.0,23000.0,30142.5
4500.0,1,4.0,150.0,5.0,65000.0,81540.66666666667
150.0,1,4.0,160.0,5.0,88000.0,78334.0
4832.0,1,4.0,410.0,2.0,140000.0,145997.4
10000.0,1,3.0,200.0,7.0,85000.0,99995.0
18184.0,1,8.0,100.0,7.0,28000.0,25643.97
8015.0,1,2.0,500.0,2.0,170000.0,170922.35
11052.0,1,3.0,220.0,7.0,70000.0,72535.0
16462.0,1,6.0,750.0,15.0,300000.0,358404.0
3000.0,1,1.0,125.0,5.0,81500.0,64144.66666666666
70000.0,2,12.0,125.0,4.0,9400.0,16710.0
46093.0,1,9.0,100.0,7.0,21000.0,19980.0
7000.0,1,4.0,150.0,8.0,65000.0,72257.05
40.0,1,2.0,125.0,10.0,152000.0,147930.0
15557.0,1,8.0,150.0,7.0,33000.0,36407.0
4118.0,1,6.0,500.0,2.0,160000.0,115260.0
80000.0,2,10.0,150.0,6.0,34500.0,20579.82
14993.0,1,6.0,125.0,5.0,37000.0,31797.3
7000.0,1,3.0,350.0,2.0,135000.0,141386.0
17677.0,1,4.0,350.0,2.0,125000.0,124682.00000000001
35000.0,2,12.0,100.0,6.0,18900.0,15943.113809523808
21500.0,1,6.0,150.0,4.0,45500.0,46792.91
29000.0,1,8.0,100.0,7.0,28100.0,18927.0
10000.0,1,5.0,100.0,6.0,35000.0,38886.0
17962.0,1,4.0,100.0,6.0,42000.0,36540.0
44000.0,1,7.0,100.0,6.0,30000.0,31893.5
28350.0,1,15.0,150.0,1.0,16000.0,18841.783333333333
21000.0,1,5.0,150.0,4.0,62000.0,64351.0
7976.0,1,2.0,250.0,10.0,175000.0,161150.0
25000.0,1,6.0,150.0,4.0,53499.0,48332.33333333333
30000.0,1,10.0,100.0,7.0,20000.0,21533.94
30000.0,1,7.0,220.0,7.0,50000.0,46712.19
11575.0,1,4.0,200.0,7.0,75000.0,78645.21333333333
600.0,1,5.0,750.0,15.0,430000.0,467760.0
16000.0,1,5.0,150.0,7.0,59000.0,46181.0
45000.0,1,7.0,150.0,8.0,30200.0,42220.0
19200.0,2,5.0,500.0,2.0,130000.0,115154.01
6300.0,2,5.0,750.0,15.0,371100.0,421761.0
25000.0,1,8.0,125.0,7.0,21000.0,24452.0
31006.0,1,5.0,150.0,7.0,35000.0,43182.135714285716
17500.0,2,6.0,350.0,2.0,85000.0,98648.0
30000.0,2,10.0,100.0,6.0,21700.0,23068.45
20000.0,1,4.0,200.0,7.0,76200.0,96624.705
71943.0,3,12.0,150.0,7.0,15344.0,17845.86
6700.0,2,3.0,200.0,10.0,127000.0,308902.0
28850.0,1,4.0,160.0,5.0,53000.0,61076.38
7000.0,1,4.0,160.0,7.0,65000.0,59040.34523809524
29318.0,1,7.0,350.0,2.0,75000.0,99033.0
7000.0,1,3.0,350.0,2.0,149000.0,141386.0
20000.0,1,9.0,100.0,6.0,24000.0,25739.666666666664
29369.0,1,5.0,500.0,2.0,110000.0,126627.0
25000.0,1,6.0,150.0,4.0,42000.0,48332.33333333333
15369.0,1,3.0,100.0,7.0,29000.0,33157.97
48785.0,1,14.0,180.0,7.0,25000.0,17384.0
70000.0,1,5.0,150.0,7.0,51000.0,36719.3
7900.0,1,3.0,250.0,10.0,174500.0,142850.0
9213.0,1,9.0,150.0,5.0,18000.0,30950.03
21582.0,1,3.0,150.0,7.0,70000.0,55830.0
10883.0,1,5.0,100.0,6.0,42000.0,36458.35
2897.0,1,10.0,100.0,6.0,12000.0,20775.0
22011.0,1,7.0,100.0,6.0,34000.0,27452.0
27400.0,1,12.0,150.0,7.0,22000.0,17595.166666666668
12090.0,1,10.0,100.0,7.0,17000.0,24508.0
38069.0,1,8.0,350.0,2.0,69000.0,92706.6
37326.0,1,5.0,390.0,10.0,150000.0,127205.73333333332
16000.0,1,6.0,300.0,9.0,192000.0,204598.95
5457.0,1,5.0,500.0,2.0,138000.0,135160.0
29639.0,1,5.0,350.0,2.0,110000.0,88425.0
19000.0,1,6.0,100.0,6.0,31621.0,35744.0
13000.0,1,4.0,390.0,10.0,145000.0,179653.116
15000.0,1,4.0,200.0,10.0,128000.0,134198.30047619046
46000.0,1,6.0,160.0,5.0,45000.0,52497.32
30800.0,1,12.0,125.0,1.0,10000.0,18786.0
32030.0,1,7.0,150.0,6.0,30000.0,41673.5
22000.0,1,5.0,500.0,2.0,135000.0,117692.0
20000.0,1,6.0,220.0,7.0,41000.0,67900.0
10533.0,1,6.0,110.0,5.0,34500.0,35512.99
29000.0,1,4.0,150.0,8.0,55000.0,52754.0
17602.0,1,13.0,110.0,1.0,14000.0,16429.0
8000.0,1,6.0,350.0,2.0,180000.0,96799.45
10500.0,1,5.0,150.0,7.0,65000.0,55133.2
12669.0,1,4.0,125.0,6.0,35000.0,39099.38
27000.0,1,6.0,150.0,7.0,35000.0,35957.0
4000.0,1,3.0,220.0,7.0,72000.0,77475.0
30000.0,1,12.0,100.0,6.0,16800.0,14821.323333333336
10400.0,1,4.0,350.0,2.0,110000.0,131370.0
11000.0,1,3.0,350.0,2.0,120000.0,139450.0
10906.0,2,3.0,160.0,1.0,65000.0,63464.64
11439.0,1,7.0,250.0,14.0,183000.0,195566.0
15383.0,1,2.0,100.0,7.0,38000.0,35517.14
27000.0,1,6.0,350.0,2.0,105800.0,110790.0
45000.0,1,4.0,350.0,2.0,120000.0,135460.0
12833.0,1,3.0,180.0,7.0,74084.0,72539.0
26000.0,1,2.0,150.0,7.0,35000.0,64415.0
67714.0,1,7.0,125.0,7.0,18000.0,25540.0
20000.0,1,8.0,220.0,7.0,38000.0,35655.0
19000.0,1,5.0,250.0,14.0,170000.0,239168.0
18568.0,1,5.0,220.0,7.0,68000.0,55800.0
40000.0,1,9.0,220.0,7.0,27500.0,39299.59
16796.0,1,3.0,500.0,2.0,175000.0,149530.0
26110.0,1,8.0,220.0,7.0,34000.0,43567.76
17300.0,1,6.0,200.0,7.0,89300.0,85769.0
27350.0,1,6.0,220.0,7.0,56000.0,48519.0
23560.0,1,5.0,500.0,2.0,115000.0,123596.0
36888.0,1,13.0,135.0,7.0,15000.0,17571.0
28000.0,1,4.0,200.0,1.0,65000.0,74279.73
25276.0,1,3.0,200.0,1.0,104300.0,75263.98
39450.0,1,14.0,135.0,7.0,20300.0,15293.24
17701.0,1,11.0,100.0,6.0,18000.0,26731.0
3884.0,1,3.0,350.0,2.0,102100.0,142120.0
46000.0,1,7.0,220.0,7.0,49990.0,50280.0
29100.0,1,6.0,350.0,2.0,108000.0,108023.49999999999
13000.0,1,4.0,200.0,10.0,160000.0,150978.33333333334
39000.0,2,10.0,150.0,6.0,46000.0,25368.42333333333
64000.0,1,8.0,220.0,7.0,31900.0,42030.86
8324.0,1,3.0,100.0,6.0,45000.0,48082.63333333333
20000.0,1,8.0,180.0,7.0,32000.0,38398.66
68000.0,1,16.0,150.0,7.0,15000.0,13694.0
13452.0,1,6.0,350.0,2.0,95000.0,92107.08333333331
50856.0,1,13.0,135.0,7.0,17500.0,16738.0
23000.0,1,8.0,150.0,7.0,35000.0,35276.63
30000.0,1,6.0,200.0,7.0,75000.0,80278.83333333333
17000.0,1,5.0,535.0,2.0,155000.0,150181.0
13900.0,2,3.0,500.0,2.0,163500.0,151018.92
21534.0,1,5.0,100.0,6.0,39000.0,30181.0
18158.0,1,6.0,150.0,8.0,53000.0,41401.23333333334
49000.0,1,7.0,125.0,5.0,22000.0,26254.0
13000.0,1,3.0,100.0,6.0,52000.0,49192.99
15095.0,1,6.0,100.0,1.0,23000.0,26493.97142857143
8500.0,2,5.0,125.0,5.0,36000.0,38677.96
12000.0,1,6.0,220.0,7.0,65200.0,53227.39404761905
40000.0,1,8.0,220.0,7.0,35300.0,48017.65083333334
12000.0,1,3.0,390.0,10.0,186100.0,203229.41
27000.0,1,4.0,150.0,4.0,56950.0,63475.0
1440.0,1,2.0,390.0,10.0,237818.0,252600.0
25000.0,1,8.0,350.0,2.0,97500.0,108191.66666666666
29878.0,1,4.0,150.0,4.0,75000.0,56921.5
9000.0,1,4.0,100.0,7.0,45500.0,35505.0
33846.0,1,5.0,160.0,1.0,47000.0,47809.0
47486.0,2,11.0,150.0,4.0,40000.0,26574.0
13000.0,1,8.0,223.0,6.0,55000.0,45515.0
13243.0,1,6.0,100.0,6.0,25000.0,30207.35
5448.0,1,2.0,100.0,6.0,39500.0,51822.36
14000.0,1,4.0,500.0,2.0,179000.0,149445.8333333333
25000.0,1,7.0,200.0,10.0,118000.0,87977.0
18000.0,1,9.0,100.0,6.0,27000.0,24545.0
4300.0,1,3.0,150.0,7.0,80000.0,69067.0
60000.0,1,7.0,150.0,5.0,65000.0,40581.99
2000.0,1,6.0,500.0,2.0,149000.0,111548.04
5580.0,1,4.0,350.0,2.0,130000.0,105290.16666666669
16000.0,1,8.0,125.0,5.0,24000.0,26822.0
18085.0,1,7.0,125.0,7.0,24000.0,22414.66
25000.0,1,9.0,100.0,7.0,25000.0,21629.0
35000.0,1,12.0,110.0,1.0,14500.0,16819.166666666668
27629.0,1,10.0,150.0,4.0,33000.0,30644.45
25388.0,1,11.0,220.0,7.0,25000.0,29635.83333333333
27000.0,1,6.0,220.0,7.0,44000.0,49495.0
2343.0,1,5.0,200.0,10.0,113000.0,146562.0
37181.0,1,14.0,150.0,6.0,13000.0,20823.81
5200.0,2,4.0,220.0,7.0,70000.0,64135.00000000001
23000.0,1,7.0,350.0,2.0,98000.0,89799.25
8500.0,1,4.0,500.0,2.0,150000.0,141616.58
19000.0,1,7.0,100.0,6.0,34000.0,24952.656666666666
2900.0,1,3.0,350.0,2.0,150000.0,144658.5
39858.0,1,11.0,150.0,7.0,19000.0,25066.56
20084.0,2,4.0,160.0,5.0,50000.0,60884.0
48500.0,1,11.0,150.0,4.0,37000.0,28318.0
41211.0,1,7.0,350.0,2.0,97000.0,76454.18428571429
27599.0,1,9.0,150.0,6.0,15000.0,28340.751904761906
56000.0,1,9.0,200.0,7.0,48928.0,38926.61
28619.0,1,8.0,125.0,5.0,29000.0,30172.5
18000.0,1,3.0,160.0,5.0,75000.0,66426.83333333334
23080.0,1,7.0,200.0,7.0,50000.0,51881.0
5670.0,1,5.0,650.0,12.0,420000.0,483191.33
12500.0,1,6.0,220.0,7.0,55000.0,52560.22738095239
3594.0,1,3.0,310.0,1.0,200000.0,189176.0
10000.0,1,6.0,500.0,2.0,150000.0,144724.99
5319.0,1,3.0,200.0,7.0,123000.0,98169.05
43000.0,1,7.0,125.0,7.0,26000.0,22424.0
9556.0,1,4.0,200.0,7.0,79000.0,101035.85
73190.0,1,8.0,100.0,6.0,20000.0,22477.86
30000.0,1,8.0,150.0,5.0,40000.0,45989.16333333334
40155.0,3,14.0,223.0,6.0,17000.0,23461.83333333333
12000.0,1,7.0,250.0,5.0,70000.0,89681.66666666669
24000.0,1,7.0,150.0,8.0,52000.0,43814.0
25000.0,1,4.0,390.0,10.0,200000.0,174935.0
10200.0,1,4.0,125.0,7.0,45000.0,38317.0
6500.0,1,5.0,200.0,10.0,140000.0,139847.0
11047.0,1,3.0,110.0,5.0,50000.0,39639.55
13800.0,1,3.0,350.0,2.0,125000.0,122700.0
500.0,1,2.0,350.0,2.0,170000.0,144416.0
146642.0,1,7.0,500.0,2.0,82000.0,107294.0
38000.0,1,7.0,250.0,5.0,85000.0,91672.0
29550.0,1,6.0,220.0,7.0,55000.0,44835.0
20000.0,1,9.0,100.0,6.0,21000.0,25739.666666666664
9465.0,1,4.0,250.0,10.0,140000.0,158903.12
27000.0,1,5.0,125.0,5.0,39000.0,36293.0
8252.0,1,3.0,350.0,2.0,115000.0,123392.0
12500.0,1,5.0,220.0,7.0,55000.0,66856.30571428571
31927.0,2,9.0,220.0,7.0,38000.0,35501.52
25000.0,1,7.0,220.0,7.0,65000.0,42204.03571428571
24500.0,1,7.0,100.0,6.0,24000.0,26802.0
3841.0,1,3.0,350.0,2.0,125000.0,140269.66666666666
36670.0,1,9.0,250.0,5.0,75000.0,100775.45
4981.0,1,6.0,390.0,10.0,150000.0,142390.0
20000.0,2,4.0,160.0,1.0,49500.0,53558.36
6500.0,1,5.0,300.0,11.0,120000.0,156236.0
3000.0,1,6.0,250.0,14.0,170000.0,209339.5
49000.0,1,11.0,135.0,7.0,27000.0,20446.11666666667
14000.0,1,3.0,150.0,4.0,83000.0,125840.0
25000.0,1,11.0,100.0,6.0,22600.0,25275.999999999996
16000.0,1,4.0,150.0,4.0,90000.0,75137.0
11166.0,1,3.0,350.0,2.0,140000.0,137750.0
12500.0,1,3.0,200.0,7.0,90000.0,93414.5
29000.0,1,8.0,110.0,6.0,27100.0,29635.0
17000.0,1,4.0,150.0,4.0,105900.0,70304.0
66016.0,1,9.0,150.0,6.0,30000.0,25395.35
6348.0,1,4.0,160.0,7.0,65000.0,48844.66666666666
9858.0,1,4.0,350.0,2.0,125000.0,109630.0
312.0,1,8.0,1300.0,8.0,950000.0,955992.35
9718.0,1,5.0,150.0,7.0,50000.0,45268.21
22174.0,1,5.0,100.0,7.0,22000.0,23702.0
22191.0,1,5.0,500.0,2.0,126508.0,117497.0
22000.0,1,8.0,150.0,4.0,65000.0,33526.0
68.0,1,3.0,125.0,5.0,60000.0,56114.0
26329.0,1,5.0,220.0,7.0,52000.0,60573.28333333333
8000.0,3,6.0,390.0,10.0,130000.0,157310.0
9700.0,1,7.0,500.0,2.0,102000.0,106103.63
41000.0,1,8.0,150.0,5.0,69000.0,35375.0
45335.0,1,7.0,100.0,7.0,24000.0,22367.0
9494.0,1,6.0,500.0,2.0,121000.0,140359.99
2701.0,1,4.0,500.0,2.0,120000.0,175596.53
19854.0,1,4.0,150.0,4.0,63000.0,56471.0
16592.0,1,6.0,100.0,1.0,22000.0,26505.2
8000.0,1,5.0,535.0,2.0,94836.0,155455.89
21522.0,1,5.0,100.0,6.0,30000.0,30181.0
1400.0,2,27.0,350.0,2.0,250000.0,93676.78
28425.0,1,8.0,125.0,7.0,20000.0,21489.0
10536.0,2,4.0,250.0,10.0,120000.0,156619.0
41000.0,1,3.0,150.0,8.0,65000.0,79194.26
20014.0,1,5.0,100.0,7.0,24000.0,24527.933333333334
10600.0,1,5.0,350.0,2.0,110400.0,127083.98333333334
59718.0,1,10.0,150.0,4.0,47000.0,33980.0
5382.0,1,5.0,150.0,4.0,45000.0,87475.25
26000.0,1,5.0,180.0,7.0,62500.0,45978.5
36273.0,1,8.0,150.0,7.0,35000.0,26046.0
29305.0,1,16.0,125.0,6.0,20000.0,18930.0
17999.0,1,9.0,150.0,4.0,19000.0,46614.99999999999
841.0,1,5.0,220.0,7.0,45000.0,60028.25
12000.0,1,4.0,410.0,2.0,150000.0,122617.55333333332
44580.0,1,5.0,160.0,5.0,58000.0,49899.40666666667
39500.0,1,7.0,150.0,7.0,36000.0,27200.0
13443.0,1,3.0,125.0,5.0,55000.0,46614.84
12919.0,1,5.0,150.0,8.0,60000.0,60204.81333333333
17000.0,1,6.0,220.0,7.0,80000.0,60540.83333333334
35000.0,3,10.0,150.0,6.0,14800.0,22078.0
9200.0,1,3.0,350.0,2.0,141800.0,137430.0
1143.0,2,2.0,250.0,4.0,130000.0,143347.0
23000.0,1,4.0,100.0,7.0,32000.0,30565.0
5323.0,1,4.0,100.0,6.0,36000.0,42424.0
35200.0,1,11.0,150.0,4.0,29000.0,31045.0
45000.0,1,12.0,150.0,6.0,18200.0,16579.99
4362.0,1,2.0,250.0,10.0,185000.0,192330.2
11000.0,1,13.0,110.0,5.0,30000.0,19337.0
6078.0,1,3.0,200.0,10.0,175000.0,162215.0
25708.0,1,8.0,250.0,5.0,65000.0,104635.0
24936.0,1,10.0,125.0,5.0,30000.0,25448.0
17000.0,3,4.0,500.0,2.0,150000.0,128117.19333333334
45710.0,1,16.0,350.0,2.0,45000.0,55409.0
3450.0,1,4.0,350.0,2.0,155551.0,117347.4
5123.0,1,3.0,350.0,2.0,130000.0,151189.3333333333
15200.0,1,10.0,220.0,7.0,35000.0,27466.0
25327.0,1,5.0,390.0,10.0,110000.0,137472.99999999997
20000.0,1,4.0,350.0,2.0,105000.0,118159.38333333335
31327.0,1,10.0,100.0,6.0,16000.0,26049.0
40000.0,2,6.0,200.0,7.0,75000.0,57891.70000000001
39028.0,1,10.0,250.0,5.0,68000.0,63748.57
20000.0,2,5.0,180.0,1.0,48000.0,45500.73
21613.0,1,4.0,250.0,4.0,110000.0,85661.0
14000.0,1,6.0,200.0,7.0,54500.0,79615.70000000001
37500.0,1,5.0,160.0,5.0,50400.0,58346.0
35688.0,1,6.0,180.0,1.0,36000.0,47417.0
21000.0,1,12.0,350.0,2.0,70000.0,88375.0
26134.0,1,5.0,180.0,7.0,40100.0,45978.5
17980.0,1,6.0,100.0,6.0,24000.0,34966.666666666664
15000.0,1,3.0,180.0,7.0,69000.0,67453.12
4300.0,2,3.0,150.0,4.0,82000.0,115406.0
4000.0,1,2.0,100.0,6.0,60000.0,52481.67
2000.0,1,2.0,200.0,10.0,180000.0,162620.0
45000.0,1,13.0,100.0,6.0,12000.0,18636.0
8000.0,1,6.0,160.0,5.0,70000.0,53967.0
484.0,1,3.0,200.0,10.0,165000.0,164992.0
20436.0,1,6.0,350.0,2.0,93000.0,113999.28571428571
19225.0,1,10.0,350.0,2.0,79400.0,61604.0
6000.0,1,3.0,300.0,11.0,105000.0,149630.0
35000.0,1,7.0,125.0,6.0,41000.0,29718.0
12551.0,1,9.0,150.0,4.0,45000.0,36944.0
13000.0,1,5.0,300.0,9.0,225000.0,202769.92
7157.0,1,2.0,200.0,1.0,106000.0,98257.00000000001
25000.0,1,6.0,200.0,7.0,95000.0,62530.0
12302.0,1,5.0,410.0,2.0,145000.0,124253.83333333331
29000.0,1,6.0,200.0,10.0,130000.0,102387.0
40266.0,1,11.0,125.0,5.0,18000.0,28117.5
5639.0,1,15.0,100.0,6.0,22000.0,18278.51
12000.0,1,5.0,200.0,7.0,118000.0,83573.91017316017
5432.0,2,6.0,350.0,2.0,74500.0,122879.99
18304.0,1,4.0,200.0,1.0,75000.0,73914.35
35300.0,2,10.0,125.0,5.0,22000.0,18233.77
